gene_or_locus,evidence_role,effect_size_status,sentence_count,unique_pmids,earliest_year,latest_year,species_context,direct_perturbation_or_mapping,breeding_context,mechanism_themes,representative_pmids
Bph3,核心抗性基因/位点,原句含效应量/主微效描述，需回到原文核验,207,79,2000,2025,BPH;SBPH;WBPH,yes,yes,遗传定位、克隆与抗源部署;韧皮部取食界面与结构防御;激素、氧化还原与信号调控;次生代谢与挥发性防御;宿主免疫、肽信号与昆虫效应子;生长防御权衡与农艺环境;病毒-媒介-水稻三方互作,11767535;21779386;22083132;23228240;23718009;24280452;26019637;26056319;26979747;27246014;27300326;27812236
Bph14,核心抗性基因/位点,原句含效应量/主微效描述，需回到原文核验,221,77,2009,2025,BPH;SBPH;WBPH,yes,yes,遗传定位、克隆与抗源部署;韧皮部取食界面与结构防御;激素、氧化还原与信号调控;次生代谢与挥发性防御;宿主免疫、肽信号与昆虫效应子;生长防御权衡与农艺环境;病毒-媒介-水稻三方互作,20018701;21254325;23175467;23396040;24273431;24886295;25076167;25109872;26403182;26979747;27025496;27300326
Bph1,核心抗性基因/位点,原句含效应量/主微效描述，需回到原文核验,150,72,2000,2024,BPH;SBPH;WBPH,yes,yes,遗传定位、克隆与抗源部署;韧皮部取食界面与结构防御;激素、氧化还原与信号调控;次生代谢与挥发性防御;宿主免疫、肽信号与昆虫效应子;生长防御权衡与农艺环境,11767535;15032948;17585380;18553105;18612237;21779386;22048639;23434671;23718009;24244529;24533099;24870048
Bph15,核心抗性基因/位点,原句含效应量/主微效描述，需回到原文核验,226,58,2004,2024,BPH;SBPH;WBPH,yes,yes,遗传定位、克隆与抗源部署;韧皮部取食界面与结构防御;激素、氧化还原与信号调控;次生代谢与挥发性防御;宿主免疫、肽信号与昆虫效应子;生长防御权衡与农艺环境;病毒-媒介-水稻三方互作,15549231;19405033;21254325;23175467;23434671;23589438;24033867;24273431;25109872;27300326;27682162;27704482
Bph2,核心抗性基因/位点,原句含效应量/主微效描述，需回到原文核验,93,53,2000,2025,BPH;SBPH;WBPH,yes,yes,遗传定位、克隆与抗源部署;韧皮部取食界面与结构防御;激素、氧化还原与信号调控;宿主免疫、肽信号与昆虫效应子;生长防御权衡与农艺环境,11767535;15032948;16939006;21779386;22048639;23718009;25076167;26056319;26313963;27300326;27876888;27901104
Bph18,核心抗性基因/位点,原句含效应量/主微效描述，需回到原文核验,94,47,2006,2024,BPH;WBPH,yes,yes,遗传定位、克隆与抗源部署;韧皮部取食界面与结构防御;激素、氧化还原与信号调控;次生代谢与挥发性防御;宿主免疫、肽信号与昆虫效应子;生长防御权衡与农艺环境;病毒-媒介-水稻三方互作,16240104;22048639;23175467;25076167;25109872;26019637;26690414;26719745;26743769;27300326;27682162;27834403
Bph6,核心抗性基因/位点,原句含效应量/主微效描述，需回到原文核验,147,40,2010,2024,BPH;SBPH;WBPH,yes,yes,遗传定位、克隆与抗源部署;韧皮部取食界面与结构防御;激素、氧化还原与信号调控;次生代谢与挥发性防御;宿主免疫、肽信号与昆虫效应子;生长防御权衡与农艺环境;病毒-媒介-水稻三方互作,20680611;22038433;27300326;27682162;27901104;28638401;29282566;29358653;30551584;30734457;30740564;31086482
Bph9,核心抗性基因/位点,原句含效应量/主微效描述，需回到原文核验,103,40,2006,2025,BPH,yes,yes,遗传定位、克隆与抗源部署;韧皮部取食界面与结构防御;激素、氧化还原与信号调控;次生代谢与挥发性防御;宿主免疫、肽信号与昆虫效应子;生长防御权衡与农艺环境;病毒-媒介-水稻三方互作,16553215;22048639;25076167;27791169;27901104;28638401;29282566;29893903;30291462;30551584;30734457;30888525
Bph26,核心抗性基因/位点,原句含效应量/主微效描述，需回到原文核验,85,40,2011,2024,BPH;WBPH,yes,yes,遗传定位、克隆与抗源部署;韧皮部取食界面与结构防御;激素、氧化还原与信号调控;次生代谢与挥发性防御;宿主免疫、肽信号与昆虫效应子;生长防御权衡与农艺环境,22048639;25076167;26719745;26979747;27300326;27682162;27901104;28278368;29282566;29893903;30363818;30393420
Bph32,核心抗性基因/位点,原句含效应量/主微效描述，需回到原文核验,85,29,2016,2024,BPH,yes,yes,遗传定位、克隆与抗源部署;韧皮部取食界面与结构防御;激素、氧化还原与信号调控;次生代谢与挥发性防御;宿主免疫、肽信号与昆虫效应子;生长防御权衡与农艺环境;病毒-媒介-水稻三方互作,27876888;30393420;30551584;30560465;30734457;30739972;30888525;30976994;31726710;31885402;32704393;32937908
Bph29,核心抗性基因/位点,未报告/不可由文献频次推断,60,26,2015,2024,BPH,yes,yes,遗传定位、克隆与抗源部署;韧皮部取食界面与结构防御;激素、氧化还原与信号调控;次生代谢与挥发性防御;宿主免疫、肽信号与昆虫效应子;生长防御权衡与农艺环境,26136269;26979747;27300326;27901104;29373714;30551584;30734457;30888525;31165331;31850073;32040676;34193042
Bph17,核心抗性基因/位点,未报告/不可由文献频次推断,52,25,2016,2024,BPH,yes,yes,遗传定位、克隆与抗源部署;韧皮部取食界面与结构防御;激素、氧化还原与信号调控;宿主免疫、肽信号与昆虫效应子;生长防御权衡与农艺环境;病毒-媒介-水稻三方互作,27300326;27876888;27901104;30551584;31367224;31726710;31885402;32937908;34337676;34680617;35087314;35604579
Bph4,核心抗性基因/位点,未报告/不可由文献频次推断,28,24,2011,2025,BPH,yes,yes,遗传定位、克隆与抗源部署;宿主免疫、肽信号与昆虫效应子;生长防御权衡与农艺环境,21779386;23718009;27300326;27876888;29503500;29644569;30893760;31581452;31726710;31885402;31902971;32704393
Bph25,核心抗性基因/位点,原句含效应量/主微效描述，需回到原文核验,29,22,2011,2024,BPH;WBPH,yes,yes,遗传定位、克隆与抗源部署;韧皮部取食界面与结构防御;宿主免疫、肽信号与昆虫效应子;生长防御权衡与农艺环境,22048639;25076167;27300326;27876888;29282566;30393420;30739972;31086482;31726710;31885402;32853293;32937908
Bph20,核心抗性基因/位点,未报告/不可由文献频次推断,34,17,2009,2023,BPH,yes,yes,遗传定位、克隆与抗源部署;韧皮部取食界面与结构防御;激素、氧化还原与信号调控;宿主免疫、肽信号与昆虫效应子,19669727;22048639;26136269;27876888;27901104;29644569;30291462;31726710;31885402;34337676;35270092;35899197
Bph21,核心抗性基因/位点,未报告/不可由文献频次推断,33,16,2009,2024,BPH,yes,yes,遗传定位、克隆与抗源部署;激素、氧化还原与信号调控;宿主免疫、肽信号与昆虫效应子,19669727;22048639;25076167;26136269;27901104;29644569;31726710;31885402;34337676;35270092;37404545;37569437
Bph10,核心抗性基因/位点,未报告/不可由文献频次推断,23,16,2011,2024,BPH,yes,yes,遗传定位、克隆与抗源部署;激素、氧化还原与信号调控;宿主免疫、肽信号与昆虫效应子;生长防御权衡与农艺环境,22048639;25076167;26690414;27901104;31726710;31885402;34337676;34680617;34821791;35910769;37404545;37569437
Bph30,核心抗性基因/位点,未报告/不可由文献频次推断,24,15,2015,2024,BPH;WBPH,yes,yes,遗传定位、克隆与抗源部署;韧皮部取食界面与结构防御;激素、氧化还原与信号调控;宿主免疫、肽信号与昆虫效应子,26136269;31726710;31885402;32937908;34246801;35068048;35910769;36952539;37404545;37569437;37615020;37731986
Bph27,核心抗性基因/位点,原句含效应量/主微效描述，需回到原文核验,43,14,2013,2024,BPH,yes,yes,遗传定位、克隆与抗源部署;韧皮部取食界面与结构防御;生长防御权衡与农艺环境,23001338;27246014;27901104;28638401;29282566;31165331;31885402;35087314;35719377;35845644;35910769;36675314
Bph7,核心抗性基因/位点,未报告/不可由文献频次推断,18,14,2016,2024,BPH;WBPH,yes,yes,遗传定位、克隆与抗源部署;韧皮部取食界面与结构防御;激素、氧化还原与信号调控;宿主免疫、肽信号与昆虫效应子;生长防御权衡与农艺环境,27300326;31726710;31885402;32937908;34821791;35206680;35267056;35323548;37404545;37569437;37615020;37623248
Bph12,核心抗性基因/位点,未报告/不可由文献频次推断,17,11,2012,2023,BPH;SBPH;WBPH,yes,yes,遗传定位、克隆与抗源部署,22038433;26690414;27300326;27901104;30291462;31086482;31726710;31885402;37731986;38069282;38106508
Bph19,核心抗性基因/位点,未报告/不可由文献频次推断,10,8,2006,2024,BPH,yes,yes,遗传定位、克隆与抗源部署;生长防御权衡与农艺环境,16395578;21779386;27300326;27901104;31885402;35910769;38069282;39452319
Bph36,核心抗性基因/位点,原句含效应量/主微效描述，需回到原文核验,28,7,2019,2024,BPH,yes,yes,遗传定位、克隆与抗源部署;韧皮部取食界面与结构防御;激素、氧化还原与信号调控;生长防御权衡与农艺环境,31165331;31885402;32937908;35845644;36874914;38069282;38625904
Bph37,核心抗性基因/位点,未报告/不可由文献频次推断,12,7,2019,2023,BPH,not explicit,yes,遗传定位、克隆与抗源部署;宿主免疫、肽信号与昆虫效应子,31297040;31885402;35910769;37404545;37569437;37615020;38069282
Bph34,核心抗性基因/位点,未报告/不可由文献频次推断,12,7,2018,2023,BPH,yes,yes,遗传定位、克隆与抗源部署,29476225;32937908;35087314;35845644;35910769;36675314;38069282
Bph40,核心抗性基因/位点,原句含效应量/主微效描述，需回到原文核验,10,7,2021,2023,BPH,not explicit,yes,遗传定位、克隆与抗源部署;韧皮部取食界面与结构防御;宿主免疫、肽信号与昆虫效应子,35068048;35087314;37404545;37569437;37615020;38003009;38069282
Bph5,核心抗性基因/位点,未报告/不可由文献频次推断,9,7,2016,2022,BPH;WBPH,yes,yes,遗传定位、克隆与抗源部署;韧皮部取食界面与结构防御;宿主免疫、肽信号与昆虫效应子;生长防御权衡与农艺环境,27300326;31726710;31885402;32937908;34821791;35206680;35323548
Bph33,核心抗性基因/位点,原句含效应量/主微效描述，需回到原文核验,18,6,2018,2023,BPH,yes,yes,遗传定位、克隆与抗源部署;生长防御权衡与农艺环境,30291462;31885402;32937908;33217583;35899197;38069282
Bph8,核心抗性基因/位点,未报告/不可由文献频次推断,8,6,2016,2023,BPH,not explicit,yes,遗传定位、克隆与抗源部署;生长防御权衡与农艺环境,27300326;31143556;31726710;31885402;32937908;38106508
Bph31,核心抗性基因/位点,未报告/不可由文献频次推断,22,5,2017,2023,BPH,yes,yes,遗传定位、克隆与抗源部署;生长防御权衡与农艺环境,28861736;31885402;35899197;37623248;38069282
Bph45,核心抗性基因/位点,原句含效应量/主微效描述，需回到原文核验,31,4,2023,2024,BPH,yes,yes,遗传定位、克隆与抗源部署;次生代谢与挥发性防御;生长防御权衡与农艺环境,36675314;37373210;38106508;39555011
Bph42,核心抗性基因/位点,原句含效应量/主微效描述，需回到原文核验,20,4,2022,2023,BPH,yes,yes,遗传定位、克隆与抗源部署;宿主免疫、肽信号与昆虫效应子;生长防御权衡与农艺环境,35764746;36323756;38069282;38078098
Bph38,核心抗性基因/位点,原句含效应量/主微效描述，需回到原文核验,19,4,2019,2023,BPH;WBPH,not explicit,yes,遗传定位、克隆与抗源部署;韧皮部取食界面与结构防御;激素、氧化还原与信号调控;生长防御权衡与农艺环境;病毒-媒介-水稻三方互作,31885402;31915875;37731986;38069282
Bph13,核心抗性基因/位点,未报告/不可由文献频次推断,4,4,2019,2023,BPH;SBPH;WBPH,yes,yes,遗传定位、克隆与抗源部署,31885402;37623248;37731986;38069282
Bph28,核心抗性基因/位点,未报告/不可由文献频次推断,4,4,2019,2023,BPH,not explicit,yes,遗传定位、克隆与抗源部署;生长防御权衡与农艺环境,31885402;35267056;35910769;38069282
Bph6G,核心抗性基因/位点,原句含效应量/主微效描述，需回到原文核验,9,3,2020,2024,BPH,not explicit,yes,遗传定位、克隆与抗源部署;激素、氧化还原与信号调控;宿主免疫、肽信号与昆虫效应子;病毒-媒介-水稻三方互作,32041548;37636117;38562566
Bph39,核心抗性基因/位点,原句含效应量/主微效描述，需回到原文核验,5,3,2022,2024,BPH,not explicit,yes,遗传定位、克隆与抗源部署,35910769;38003009;38911334
Bph44,核心抗性基因/位点,未报告/不可由文献频次推断,4,3,2022,2023,BPH,not explicit,yes,遗传定位、克隆与抗源部署,35863076;37649829;38069282
Bph24,核心抗性基因/位点,未报告/不可由文献频次推断,4,3,2016,2022,BPH,not explicit,yes,遗传定位、克隆与抗源部署,27901104;31885402;35886780
Bph11,核心抗性基因/位点,未报告/不可由文献频次推断,3,3,2015,2023,BPH,not explicit,not explicit,遗传定位、克隆与抗源部署,26690414;31885402;38069282
Bph35,核心抗性基因/位点,未报告/不可由文献频次推断,3,3,2019,2023,BPH,not explicit,yes,遗传定位、克隆与抗源部署,31885402;35845644;38069282
Bph41,核心抗性基因/位点,未报告/不可由文献频次推断,16,2,2022,2023,BPH,not explicit,yes,遗传定位、克隆与抗源部署;宿主免疫、肽信号与昆虫效应子;生长防御权衡与农艺环境,36323756;38069282
Bph22,核心抗性基因/位点,未报告/不可由文献频次推断,2,2,2019,2022,BPH,not explicit,not explicit,遗传定位、克隆与抗源部署,31885402;35899197
Bph16,核心抗性基因/位点,未报告/不可由文献频次推断,2,2,2011,2019,BPH,not explicit,yes,遗传定位、克隆与抗源部署,22048639;31885402
Bph14P,核心抗性基因/位点,未报告/不可由文献频次推断,2,2,2013,2017,BPH,not explicit,yes,遗传定位、克隆与抗源部署,24273431;29282566
Bph46,核心抗性基因/位点,未报告/不可由文献频次推断,2,1,2024,2024,BPH,yes,yes,遗传定位、克隆与抗源部署,38625904
Bph27t,核心抗性基因/位点,未报告/不可由文献频次推断,1,1,2021,2021,BPH,not explicit,yes,遗传定位、克隆与抗源部署;生长防御权衡与农艺环境,33719290
Bph23,核心抗性基因/位点,未报告/不可由文献频次推断,1,1,2019,2019,BPH,not explicit,not explicit,遗传定位、克隆与抗源部署,31885402
Bph68S,核心抗性基因/位点,未报告/不可由文献频次推断,1,1,2017,2017,BPH,not explicit,yes,遗传定位、克隆与抗源部署,28638401
Bph14N,核心抗性基因/位点,未报告/不可由文献频次推断,1,1,2017,2017,BPH,not explicit,yes,遗传定位、克隆与抗源部署,29282566
Bph162,核心抗性基因/位点,未报告/不可由文献频次推断,1,1,2015,2015,,not explicit,yes,遗传定位、克隆与抗源部署,25844112
OsF3H,功能验证的宿主调控/执行因子,未报告/不可由文献频次推断,11,10,2019,2025,BPH;SBPH;WBPH,yes,yes,遗传定位、克隆与抗源部署;激素、氧化还原与信号调控;次生代谢与挥发性防御;宿主免疫、肽信号与昆虫效应子;生长防御权衡与农艺环境,30734457;33547972;33677774;35343596;35850632;36499636;36902211;38069282;38520013;40082317
OsERF3,功能验证的宿主调控/执行因子,未报告/不可由文献频次推断,12,9,2011,2024,BPH,yes,yes,遗传定位、克隆与抗源部署;激素、氧化还原与信号调控;宿主免疫、肽信号与昆虫效应子,21831212;23228240;26083713;28245796;30551584;37569437;37762665;38069282;39558244
OsPAL8,功能验证的宿主调控/执行因子,未报告/不可由文献频次推断,9,8,2020,2025,BPH,yes,yes,遗传定位、克隆与抗源部署;韧皮部取食界面与结构防御;激素、氧化还原与信号调控;次生代谢与挥发性防御;生长防御权衡与农艺环境,31848246;32184449;34651397;36952539;37569437;38069282;38520013;40042898
OsGRF8,功能验证的宿主调控/执行因子,未报告/不可由文献频次推断,9,8,2019,2024,BPH;WBPH,yes,not explicit,次生代谢与挥发性防御;宿主免疫、肽信号与昆虫效应子,30734457;33547972;33677774;34283216;34884461;37176028;38069282;38701348
OsmiR396,功能验证的宿主调控/执行因子,未报告/不可由文献频次推断,14,7,2019,2024,BPH;WBPH,yes,yes,激素、氧化还原与信号调控;次生代谢与挥发性防御;病毒-媒介-水稻三方互作,30734457;33677774;36221916;37480003;38069282;38337906;38520013
OsLecRK1,功能验证的宿主调控/执行因子,未报告/不可由文献频次推断,13,7,2018,2024,BPH;WBPH,yes,yes,遗传定位、克隆与抗源部署;韧皮部取食界面与结构防御;激素、氧化还原与信号调控;宿主免疫、肽信号与昆虫效应子;生长防御权衡与农艺环境,30551584;30888525;32937908;33201594;36187783;36952539;39397365
OsLecRK3,功能验证的宿主调控/执行因子,未报告/不可由文献频次推断,13,7,2018,2023,BPH;WBPH,yes,yes,遗传定位、克隆与抗源部署;激素、氧化还原与信号调控;宿主免疫、肽信号与昆虫效应子;生长防御权衡与农艺环境;病毒-媒介-水稻三方互作,30551584;30888525;32937908;33154527;35218297;36187783;36952539
OsLecRK,功能验证的宿主调控/执行因子,原句含效应量/主微效描述，需回到原文核验,7,7,2017,2024,BPH,yes,yes,遗传定位、克隆与抗源部署;激素、氧化还原与信号调控;宿主免疫、肽信号与昆虫效应子;生长防御权衡与农艺环境,29114253;30551584;30888525;32937908;34794392;37569437;39555011
OsWRKY45,功能验证的宿主调控/执行因子,原句含效应量/主微效描述，需回到原文核验,25,6,2016,2023,BPH,yes,yes,遗传定位、克隆与抗源部署;激素、氧化还原与信号调控;次生代谢与挥发性防御;宿主免疫、肽信号与昆虫效应子;生长防御权衡与农艺环境,27258255;30217023;37372105;37569437;38023936;38069282
OsSLR1,功能验证的宿主调控/执行因子,原句含效应量/主微效描述，需回到原文核验,9,6,2017,2025,BPH;SBPH,yes,yes,韧皮部取食界面与结构防御;激素、氧化还原与信号调控;次生代谢与挥发性防御;宿主免疫、肽信号与昆虫效应子;生长防御权衡与农艺环境,28666057;30217023;30740564;36902211;37445669;39853648
OsNPR1,功能验证的宿主调控/执行因子,未报告/不可由文献频次推断,8,6,2017,2024,BPH;SBPH,not explicit,yes,激素、氧化还原与信号调控;次生代谢与挥发性防御;宿主免疫、肽信号与昆虫效应子;生长防御权衡与农艺环境;病毒-媒介-水稻三方互作,28167952;30551584;35163461;35876337;37789388;39245936
OsHPL3,功能验证的宿主调控/执行因子,未报告/不可由文献频次推断,8,6,2012,2024,BPH;WBPH,yes,not explicit,遗传定位、克隆与抗源部署;韧皮部取食界面与结构防御;激素、氧化还原与信号调控;次生代谢与挥发性防御;病毒-媒介-水稻三方互作,22519706;26054241;27924841;28245796;34220297;38891303
OsPAL6,功能验证的宿主调控/执行因子,未报告/不可由文献频次推断,7,6,2020,2025,BPH,yes,yes,遗传定位、克隆与抗源部署;韧皮部取食界面与结构防御;激素、氧化还原与信号调控;次生代谢与挥发性防御;生长防御权衡与农艺环境,32184449;36952539;37569437;38069282;38520013;40042898
OsHI-LOX,功能验证的宿主调控/执行因子,未报告/不可由文献频次推断,7,6,2009,2023,BPH,yes,not explicit,遗传定位、克隆与抗源部署;韧皮部取食界面与结构防御;激素、氧化还原与信号调控,19656341;26054241;28245796;30796564;35876337;37372105
OsAOS1,功能验证的宿主调控/执行因子,原句含效应量/主微效描述，需回到原文核验,16,5,2018,2024,BPH,yes,yes,遗传定位、克隆与抗源部署;韧皮部取食界面与结构防御;激素、氧化还原与信号调控;次生代谢与挥发性防御;宿主免疫、肽信号与昆虫效应子;生长防御权衡与农艺环境,30551584;33652695;34908164;36064309;38988632
OsWRKY70,功能验证的宿主调控/执行因子,未报告/不可由文献频次推断,10,5,2015,2023,BPH,yes,not explicit,激素、氧化还原与信号调控,26083713;30740564;33562367;34830062;37762665
OsMPK3,功能验证的宿主调控/执行因子,未报告/不可由文献频次推断,10,5,2017,2021,BPH,yes,yes,激素、氧化还原与信号调控;宿主免疫、肽信号与昆虫效应子;生长防御权衡与农艺环境,28167952;30551584;30740564;31226870;34830062
OsACS2,功能验证的宿主调控/执行因子,未报告/不可由文献频次推断,8,5,2014,2023,BPH,yes,yes,遗传定位、克隆与抗源部署;激素、氧化还原与信号调控;宿主免疫、肽信号与昆虫效应子;生长防御权衡与农艺环境,25064847;28245796;30217023;30551584;38069282
OsLecRK1-OsLecRK3,功能验证的宿主调控/执行因子,未报告/不可由文献频次推断,5,5,2017,2024,BPH;WBPH,yes,yes,遗传定位、克隆与抗源部署;激素、氧化还原与信号调控;宿主免疫、肽信号与昆虫效应子;生长防御权衡与农艺环境,28436098;32937908;37731986;37752622;38625904
OsCOI1,功能验证的宿主调控/执行因子,原句含效应量/主微效描述，需回到原文核验,16,4,2012,2024,BPH,yes,yes,遗传定位、克隆与抗源部署;韧皮部取食界面与结构防御;激素、氧化还原与信号调控;次生代谢与挥发性防御;宿主免疫、肽信号与昆虫效应子;病毒-媒介-水稻三方互作,22558386;35682620;35876337;39245936
OsWRKY53,功能验证的宿主调控/执行因子,未报告/不可由文献频次推断,12,4,2016,2023,BPH,yes,yes,遗传定位、克隆与抗源部署;激素、氧化还原与信号调控,27031005;34830062;37569437;37762665
OsMAPK20-5,功能验证的宿主调控/执行因子,未报告/不可由文献频次推断,5,4,2019,2025,BPH,yes,not explicit,激素、氧化还原与信号调控,30602493;33562367;38069282;40082317
OsGID1,功能验证的宿主调控/执行因子,原句含效应量/主微效描述，需回到原文核验,22,3,2018,2023,BPH,yes,yes,遗传定位、克隆与抗源部署;韧皮部取食界面与结构防御;激素、氧化还原与信号调控;次生代谢与挥发性防御;宿主免疫、肽信号与昆虫效应子;生长防御权衡与农艺环境;病毒-媒介-水稻三方互作,30217023;33154527;37569437
OsSTPS2,功能验证的宿主调控/执行因子,原句含效应量/主微效描述，需回到原文核验,10,3,2019,2023,BPH,yes,yes,遗传定位、克隆与抗源部署;次生代谢与挥发性防御,30888525;34067367;38023936
OsWRKY46,功能验证的宿主调控/执行因子,未报告/不可由文献频次推断,3,3,2023,2023,BPH;SBPH,yes,not explicit,韧皮部取食界面与结构防御;激素、氧化还原与信号调控;宿主免疫、肽信号与昆虫效应子;病毒-媒介-水稻三方互作,37789388;38023936;38069282
OsEXO70E1,功能验证的宿主调控/执行因子,未报告/不可由文献频次推断,3,3,2022,2023,BPH,yes,not explicit,遗传定位、克隆与抗源部署;韧皮部取食界面与结构防御;激素、氧化还原与信号调控;宿主免疫、肽信号与昆虫效应子,35068048;37402009;37790794
OsmiR156,功能验证的宿主调控/执行因子,未报告/不可由文献频次推断,3,3,2023,2023,BPH,not explicit,yes,遗传定位、克隆与抗源部署;激素、氧化还原与信号调控;次生代谢与挥发性防御,37480003;37569437;38069282
OsNCED3,功能验证的宿主调控/执行因子,原句含效应量/主微效描述，需回到原文核验,63,2,2022,2024,BPH,yes,yes,遗传定位、克隆与抗源部署;韧皮部取食界面与结构防御;激素、氧化还原与信号调控;次生代谢与挥发性防御;生长防御权衡与农艺环境,36064309;38988632
Osa-miR162a,功能验证的宿主调控/执行因子,未报告/不可由文献频次推断,32,2,2021,2023,BPH,yes,yes,次生代谢与挥发性防御,34884461;38078088
OsJMJ715,功能验证的宿主调控/执行因子,原句含效应量/主微效描述，需回到原文核验,22,2,2021,2024,BPH,yes,yes,遗传定位、克隆与抗源部署;韧皮部取食界面与结构防御;激素、氧化还原与信号调控;宿主免疫、肽信号与昆虫效应子;生长防御权衡与农艺环境;病毒-媒介-水稻三方互作,34884830;39245936
OsEXO70H3,功能验证的宿主调控/执行因子,未报告/不可由文献频次推断,15,2,2022,2023,BPH,yes,yes,遗传定位、克隆与抗源部署;韧皮部取食界面与结构防御;宿主免疫、肽信号与昆虫效应子,35119102;37790794
OsAOS2,功能验证的宿主调控/执行因子,原句含效应量/主微效描述，需回到原文核验,11,2,2018,2021,BPH,yes,yes,遗传定位、克隆与抗源部署;韧皮部取食界面与结构防御;激素、氧化还原与信号调控;次生代谢与挥发性防御;宿主免疫、肽信号与昆虫效应子;生长防御权衡与农艺环境,30551584;33652695
OsAOS,功能验证的宿主调控/执行因子,未报告/不可由文献频次推断,7,2,2021,2022,BPH,yes,not explicit,遗传定位、克隆与抗源部署;韧皮部取食界面与结构防御;激素、氧化还原与信号调控;次生代谢与挥发性防御,33652695;35876337
OsEBF2,功能验证的宿主调控/执行因子,未报告/不可由文献频次推断,6,2,2023,2024,BPH,not explicit,yes,激素、氧化还原与信号调控;宿主免疫、肽信号与昆虫效应子;病毒-媒介-水稻三方互作,36462682;39245936
OsSPL10,功能验证的宿主调控/执行因子,未报告/不可由文献频次推断,6,2,2023,2023,BPH,yes,not explicit,次生代谢与挥发性防御,37819387;38069282
OsMPK4,功能验证的宿主调控/执行因子,未报告/不可由文献频次推断,6,2,2018,2019,BPH,not explicit,not explicit,激素、氧化还原与信号调控;宿主免疫、肽信号与昆虫效应子,30551584;31226870
OsmiR396-sequestered,功能验证的宿主调控/执行因子,未报告/不可由文献频次推断,4,2,2019,2022,BPH,yes,not explicit,次生代谢与挥发性防御;病毒-媒介-水稻三方互作,30734457;36221916
OsWRKY24,功能验证的宿主调控/执行因子,未报告/不可由文献频次推断,4,2,2018,2021,BPH,yes,not explicit,激素、氧化还原与信号调控,30740564;34830062
OsF3,功能验证的宿主调控/执行因子,未报告/不可由文献频次推断,3,2,2022,2024,BPH,yes,not explicit,次生代谢与挥发性防御,35343596;38520013
OsEBF1,功能验证的宿主调控/执行因子,未报告/不可由文献频次推断,3,2,2023,2024,BPH,not explicit,yes,激素、氧化还原与信号调控;宿主免疫、肽信号与昆虫效应子;病毒-媒介-水稻三方互作,36462682;39245936
OsMPK20-5,功能验证的宿主调控/执行因子,未报告/不可由文献频次推断,3,2,2019,2022,BPH,not explicit,not explicit,激素、氧化还原与信号调控,31226870;36499636
OsLecRK2,功能验证的宿主调控/执行因子,未报告/不可由文献频次推断,3,2,2019,2020,BPH,yes,yes,遗传定位、克隆与抗源部署;激素、氧化还原与信号调控;宿主免疫、肽信号与昆虫效应子;生长防御权衡与农艺环境,30888525;32937908
Osr9-LOX1,功能验证的宿主调控/执行因子,未报告/不可由文献频次推断,3,2,2017,2019,BPH,yes,not explicit,遗传定位、克隆与抗源部署;激素、氧化还原与信号调控,28245796;30796564
OsEXPA10,功能验证的宿主调控/执行因子,未报告/不可由文献频次推断,3,2,2018,2019,BPH,yes,yes,遗传定位、克隆与抗源部署,29619515;31381594
OsMYC2,功能验证的宿主调控/执行因子,未报告/不可由文献频次推断,2,2,2023,2024,BPH,yes,not explicit,激素、氧化还原与信号调控,37834016;38988632
OsGRF6,功能验证的宿主调控/执行因子,未报告/不可由文献频次推断,2,2,2021,2024,BPH,yes,not explicit,次生代谢与挥发性防御,33547972;38701348
OsGRF7,功能验证的宿主调控/执行因子,未报告/不可由文献频次推断,2,2,2021,2024,BPH,yes,not explicit,次生代谢与挥发性防御,33547972;38701348
OsGRF9,功能验证的宿主调控/执行因子,未报告/不可由文献频次推断,2,2,2021,2024,BPH,yes,not explicit,次生代谢与挥发性防御,33547972;38701348
OsEIL1,功能验证的宿主调控/执行因子,未报告/不可由文献频次推断,2,2,2023,2024,BPH,not explicit,yes,激素、氧化还原与信号调控;宿主免疫、肽信号与昆虫效应子,36462682;39245936
OsWRKY72,功能验证的宿主调控/执行因子,未报告/不可由文献频次推断,2,2,2023,2023,BPH,yes,not explicit,韧皮部取食界面与结构防御;激素、氧化还原与信号调控;宿主免疫、肽信号与昆虫效应子,38023936;38069282
OsWRKY62,功能验证的宿主调控/执行因子,未报告/不可由文献频次推断,2,2,2023,2023,BPH,yes,not explicit,激素、氧化还原与信号调控,37372105;38023936
OsAOC,功能验证的宿主调控/执行因子,未报告/不可由文献频次推断,2,2,2017,2023,BPH,yes,not explicit,遗传定位、克隆与抗源部署;激素、氧化还原与信号调控,28245796;37834016
OsWRKY71,功能验证的宿主调控/执行因子,未报告/不可由文献频次推断,26,1,2023,2023,BPH;SBPH,yes,yes,遗传定位、克隆与抗源部署;激素、氧化还原与信号调控;次生代谢与挥发性防御,38023936
OsLecRK1-mediated,功能验证的宿主调控/执行因子,未报告/不可由文献频次推断,25,1,2023,2023,BPH;WBPH,yes,yes,遗传定位、克隆与抗源部署;韧皮部取食界面与结构防御;激素、氧化还原与信号调控;次生代谢与挥发性防御;宿主免疫、肽信号与昆虫效应子,36952539
OsMKK3,功能验证的宿主调控/执行因子,原句含效应量/主微效描述，需回到原文核验,23,1,2019,2019,BPH,yes,yes,韧皮部取食界面与结构防御;激素、氧化还原与信号调控;次生代谢与挥发性防御;宿主免疫、肽信号与昆虫效应子;生长防御权衡与农艺环境,31226870
OsmiR396-OsGRF8-OsF3H-flavonoid,功能验证的宿主调控/执行因子,原句含效应量/主微效描述，需回到原文核验,22,1,2019,2019,BPH,yes,yes,遗传定位、克隆与抗源部署;次生代谢与挥发性防御;生长防御权衡与农艺环境,30734457
OsmiR159,功能验证的宿主调控/执行因子,原句含效应量/主微效描述，需回到原文核验,20,1,2023,2023,BPH,yes,yes,遗传定位、克隆与抗源部署;韧皮部取食界面与结构防御;激素、氧化还原与信号调控;次生代谢与挥发性防御;宿主免疫、肽信号与昆虫效应子;生长防御权衡与农艺环境,37402009
OsmiR319-OsPCF5,功能验证的宿主调控/执行因子,原句含效应量/主微效描述，需回到原文核验,18,1,2024,2024,BPH,yes,yes,遗传定位、克隆与抗源部署;韧皮部取食界面与结构防御;激素、氧化还原与信号调控;次生代谢与挥发性防御;宿主免疫、肽信号与昆虫效应子;生长防御权衡与农艺环境,38520013
OsRCI-1-Mediated,功能验证的宿主调控/执行因子,原句含效应量/主微效描述，需回到原文核验,17,1,2024,2024,BPH;WBPH,yes,yes,激素、氧化还原与信号调控;次生代谢与挥发性防御;生长防御权衡与农艺环境,38891303
OsNCED3-OE,功能验证的宿主调控/执行因子,原句含效应量/主微效描述，需回到原文核验,16,1,2024,2024,BPH,yes,not explicit,遗传定位、克隆与抗源部署;激素、氧化还原与信号调控;次生代谢与挥发性防御;生长防御权衡与农艺环境,38988632
Os6PGDH1,功能验证的宿主调控/执行因子,原句含效应量/主微效描述，需回到原文核验,15,1,2020,2020,BPH,yes,yes,遗传定位、克隆与抗源部署;激素、氧化还原与信号调控;宿主免疫、肽信号与昆虫效应子;生长防御权衡与农艺环境,33182659
OsRCI-1,功能验证的宿主调控/执行因子,未报告/不可由文献频次推断,13,1,2024,2024,BPH,yes,not explicit,激素、氧化还原与信号调控;次生代谢与挥发性防御,38891303
OsClpP6,功能验证的宿主调控/执行因子,原句含效应量/主微效描述，需回到原文核验,13,1,2024,2024,BPH,yes,yes,遗传定位、克隆与抗源部署;激素、氧化还原与信号调控;次生代谢与挥发性防御;生长防御权衡与农艺环境,38612510
OsRLK7-1,功能验证的宿主调控/执行因子,原句含效应量/主微效描述，需回到原文核验,13,1,2023,2023,BPH;WBPH,yes,yes,激素、氧化还原与信号调控;宿主免疫、肽信号与昆虫效应子;生长防御权衡与农艺环境,37834016
OsPep3,功能验证的宿主调控/执行因子,未报告/不可由文献频次推断,13,1,2022,2022,BPH,yes,not explicit,激素、氧化还原与信号调控;次生代谢与挥发性防御;宿主免疫、肽信号与昆虫效应子,35068048
OsGF14e,功能验证的宿主调控/执行因子,未报告/不可由文献频次推断,12,1,2025,2025,BPH,yes,yes,遗传定位、克隆与抗源部署;宿主免疫、肽信号与昆虫效应子;生长防御权衡与农艺环境,39853648
OsATL15,功能验证的宿主调控/执行因子,原句含效应量/主微效描述，需回到原文核验,12,1,2022,2022,BPH,yes,yes,韧皮部取食界面与结构防御;病毒-媒介-水稻三方互作,35678495
OsI-BAK1,功能验证的宿主调控/执行因子,原句含效应量/主微效描述，需回到原文核验,11,1,2021,2021,BPH;WBPH,yes,yes,激素、氧化还原与信号调控;次生代谢与挥发性防御;宿主免疫、肽信号与昆虫效应子;生长防御权衡与农艺环境,34830062
OsCslF6,功能验证的宿主调控/执行因子,未报告/不可由文献频次推断,9,1,2023,2023,BPH,yes,yes,韧皮部取食界面与结构防御;激素、氧化还原与信号调控;宿主免疫、肽信号与昆虫效应子,36952539
OsTPS19,功能验证的宿主调控/执行因子,未报告/不可由文献频次推断,9,1,2024,2024,BPH,yes,yes,次生代谢与挥发性防御;生长防御权衡与农艺环境,39340817
OsTPS20,功能验证的宿主调控/执行因子,未报告/不可由文献频次推断,8,1,2024,2024,BPH,yes,yes,次生代谢与挥发性防御;生长防御权衡与农艺环境,39340817
OsmiR319,功能验证的宿主调控/执行因子,未报告/不可由文献频次推断,7,1,2024,2024,BPH,yes,yes,次生代谢与挥发性防御;生长防御权衡与农艺环境,38520013
OsHLH61-OsbHLH96,功能验证的宿主调控/执行因子,未报告/不可由文献频次推断,7,1,2019,2019,BPH,yes,yes,激素、氧化还原与信号调控;生长防御权衡与农艺环境,30796564
OsRRK1,功能验证的宿主调控/执行因子,未报告/不可由文献频次推断,7,1,2017,2017,BPH,yes,yes,激素、氧化还原与信号调控;宿主免疫、肽信号与昆虫效应子,29114253
OsPEPRs,功能验证的宿主调控/执行因子,未报告/不可由文献频次推断,5,1,2022,2022,BPH,yes,not explicit,宿主免疫、肽信号与昆虫效应子,35068048
OsPep3-induced,功能验证的宿主调控/执行因子,未报告/不可由文献频次推断,4,1,2022,2022,BPH,yes,not explicit,激素、氧化还原与信号调控;次生代谢与挥发性防御;宿主免疫、肽信号与昆虫效应子,35068048
OsGID1-mediated,功能验证的宿主调控/执行因子,未报告/不可由文献频次推断,4,1,2018,2018,BPH,yes,yes,遗传定位、克隆与抗源部署;激素、氧化还原与信号调控;宿主免疫、肽信号与昆虫效应子,30217023
OslecRK,功能验证的宿主调控/执行因子,未报告/不可由文献频次推断,4,1,2013,2013,BPH,yes,not explicit,遗传定位、克隆与抗源部署;激素、氧化还原与信号调控;宿主免疫、肽信号与昆虫效应子,24033867
OsWRKY36,功能验证的宿主调控/执行因子,未报告/不可由文献频次推断,3,1,2025,2025,BPH;SBPH;WBPH,yes,yes,生长防御权衡与农艺环境,40042898
OsMIR319a,功能验证的宿主调控/执行因子,原句含效应量/主微效描述，需回到原文核验,3,1,2024,2024,BPH,yes,yes,遗传定位、克隆与抗源部署;生长防御权衡与农艺环境,38520013
OsMIR319b,功能验证的宿主调控/执行因子,原句含效应量/主微效描述，需回到原文核验,3,1,2024,2024,BPH,yes,yes,遗传定位、克隆与抗源部署;生长防御权衡与农艺环境,38520013
OsDREB1A,功能验证的宿主调控/执行因子,未报告/不可由文献频次推断,3,1,2023,2023,BPH,yes,not explicit,韧皮部取食界面与结构防御;激素、氧化还原与信号调控,36788431
OsWRKY36-KO,功能验证的宿主调控/执行因子,未报告/不可由文献频次推断,2,1,2025,2025,BPH,yes,yes,生长防御权衡与农艺环境,40042898
OsClpP6-mediated,功能验证的宿主调控/执行因子,未报告/不可由文献频次推断,2,1,2024,2024,BPH,yes,yes,激素、氧化还原与信号调控;生长防御权衡与农艺环境,38612510
OsPGI1c,功能验证的宿主调控/执行因子,未报告/不可由文献频次推断,2,1,2024,2024,BPH,yes,not explicit,遗传定位、克隆与抗源部署;韧皮部取食界面与结构防御,39796027
OsMYB22,功能验证的宿主调控/执行因子,未报告/不可由文献频次推断,2,1,2024,2024,BPH,not explicit,yes,次生代谢与挥发性防御;生长防御权衡与农艺环境,38520013
OsmiR319b,功能验证的宿主调控/执行因子,原句含效应量/主微效描述，需回到原文核验,2,1,2024,2024,BPH,yes,yes,遗传定位、克隆与抗源部署;生长防御权衡与农艺环境,38520013
OsPOX8.1,功能验证的宿主调控/执行因子,未报告/不可由文献频次推断,2,1,2023,2023,BPH,yes,yes,遗传定位、克隆与抗源部署,37615020
OsExo70H3,功能验证的宿主调控/执行因子,未报告/不可由文献频次推断,2,1,2022,2022,BPH,yes,not explicit,韧皮部取食界面与结构防御,35119102
Oscht4,功能验证的宿主调控/执行因子,未报告/不可由文献频次推断,2,1,2022,2022,BPH,yes,not explicit,韧皮部取食界面与结构防御,36064309
Oscht5,功能验证的宿主调控/执行因子,未报告/不可由文献频次推断,2,1,2022,2022,BPH,yes,not explicit,韧皮部取食界面与结构防御,36064309
OsCKXs,功能验证的宿主调控/执行因子,未报告/不可由文献频次推断,2,1,2022,2022,BPH,yes,not explicit,激素、氧化还原与信号调控,35682620
OsPEPR1,功能验证的宿主调控/执行因子,未报告/不可由文献频次推断,2,1,2022,2022,BPH,yes,not explicit,宿主免疫、肽信号与昆虫效应子,35068048
OsPEPR2,功能验证的宿主调控/执行因子,未报告/不可由文献频次推断,2,1,2022,2022,BPH,yes,not explicit,宿主免疫、肽信号与昆虫效应子,35068048
OsMADS56,功能验证的宿主调控/执行因子,未报告/不可由文献频次推断,2,1,2016,2016,BPH,yes,not explicit,,27025496
OsWRKY36-OE,功能验证的宿主调控/执行因子,未报告/不可由文献频次推断,1,1,2025,2025,BPH,yes,yes,生长防御权衡与农艺环境,40042898
OsWRKY36-overexpressing,功能验证的宿主调控/执行因子,未报告/不可由文献频次推断,1,1,2025,2025,BPH,yes,yes,生长防御权衡与农艺环境,40042898
OsEDR1l,功能验证的宿主调控/执行因子,未报告/不可由文献频次推断,1,1,2025,2025,BPH,yes,yes,宿主免疫、肽信号与昆虫效应子;生长防御权衡与农艺环境,39853648
OsMYB1,功能验证的宿主调控/执行因子,未报告/不可由文献频次推断,1,1,2024,2024,BPH,yes,not explicit,,39724382
OsSPL14,功能验证的宿主调控/执行因子,未报告/不可由文献频次推断,1,1,2024,2024,BPH,yes,not explicit,,39724382
Os03g0411500,功能验证的宿主调控/执行因子,原句含效应量/主微效描述，需回到原文核验,1,1,2024,2024,BPH,yes,yes,生长防御权衡与农艺环境,38612510
OsmiR319a,功能验证的宿主调控/执行因子,原句含效应量/主微效描述，需回到原文核验,1,1,2024,2024,BPH,yes,yes,遗传定位、克隆与抗源部署;生长防御权衡与农艺环境,38520013
OsRCI-1-overexpressed,功能验证的宿主调控/执行因子,未报告/不可由文献频次推断,1,1,2024,2024,BPH,yes,not explicit,次生代谢与挥发性防御,38891303
Osrlck185,功能验证的宿主调控/执行因子,原句含效应量/主微效描述，需回到原文核验,1,1,2023,2023,BPH,yes,yes,,37316670
OsLecRK1-HA,功能验证的宿主调控/执行因子,未报告/不可由文献频次推断,1,1,2023,2023,BPH,yes,not explicit,激素、氧化还原与信号调控,36952539
Osa-miR162a-m1,功能验证的宿主调控/执行因子,未报告/不可由文献频次推断,1,1,2023,2023,BPH,yes,not explicit,,38078088
OsOPR7,功能验证的宿主调控/执行因子,未报告/不可由文献频次推断,1,1,2023,2023,BPH,yes,not explicit,激素、氧化还原与信号调控,37834016
OsRLK7-1-knockout,功能验证的宿主调控/执行因子,未报告/不可由文献频次推断,1,1,2023,2023,BPH,yes,yes,生长防御权衡与农艺环境,37834016
OsCYP71,功能验证的宿主调控/执行因子,未报告/不可由文献频次推断,1,1,2023,2023,BPH,yes,yes,韧皮部取食界面与结构防御;生长防御权衡与农艺环境,37687282
OsCYP71P6,功能验证的宿主调控/执行因子,未报告/不可由文献频次推断,1,1,2023,2023,BPH,yes,yes,韧皮部取食界面与结构防御;生长防御权衡与农艺环境,37687282
OsCslF6-overexpressing,功能验证的宿主调控/执行因子,未报告/不可由文献频次推断,1,1,2023,2023,BPH;WBPH,yes,not explicit,韧皮部取食界面与结构防御;激素、氧化还原与信号调控;宿主免疫、肽信号与昆虫效应子,36952539
OsCslF6-overexpressors,功能验证的宿主调控/执行因子,未报告/不可由文献频次推断,1,1,2023,2023,BPH;WBPH,yes,not explicit,激素、氧化还原与信号调控,36952539
OsATL,功能验证的宿主调控/执行因子,未报告/不可由文献频次推断,1,1,2022,2022,BPH,yes,not explicit,韧皮部取食界面与结构防御,35678495
Oscht1,功能验证的宿主调控/执行因子,未报告/不可由文献频次推断,1,1,2022,2022,BPH,yes,not explicit,韧皮部取食界面与结构防御,36064309
OsATL15-overexpressing,功能验证的宿主调控/执行因子,原句含效应量/主微效描述，需回到原文核验,1,1,2022,2022,BPH,yes,not explicit,,35678495
OsCKX1,功能验证的宿主调控/执行因子,未报告/不可由文献频次推断,1,1,2022,2022,BPH,yes,yes,激素、氧化还原与信号调控,35682620
Os09g00999,功能验证的宿主调控/执行因子,未报告/不可由文献频次推断,1,1,2021,2021,BPH,yes,not explicit,,34884461
Os18s,功能验证的宿主调控/执行因子,未报告/不可由文献频次推断,1,1,2021,2021,BPH,yes,not explicit,,34884461
OsGRF4,功能验证的宿主调控/执行因子,未报告/不可由文献频次推断,1,1,2021,2021,BPH,yes,not explicit,,34283216
OsJMJ715-mediated,功能验证的宿主调控/执行因子,未报告/不可由文献频次推断,1,1,2021,2021,BPH,yes,not explicit,激素、氧化还原与信号调控,34884830
OsJMJ715-RNAi,功能验证的宿主调控/执行因子,未报告/不可由文献频次推断,1,1,2021,2021,BPH,yes,yes,激素、氧化还原与信号调控;宿主免疫、肽信号与昆虫效应子,34884830
OsWRKY76,功能验证的宿主调控/执行因子,未报告/不可由文献频次推断,1,1,2021,2021,BPH,yes,not explicit,韧皮部取食界面与结构防御,34193042
OsSTP2,功能验证的宿主调控/执行因子,未报告/不可由文献频次推断,1,1,2021,2021,BPH,yes,not explicit,次生代谢与挥发性防御,34067367
Os6PGDH1-F1,功能验证的宿主调控/执行因子,原句含效应量/主微效描述，需回到原文核验,1,1,2020,2020,BPH,yes,yes,生长防御权衡与农艺环境,33182659
Os6PGDH1-R1,功能验证的宿主调控/执行因子,原句含效应量/主微效描述，需回到原文核验,1,1,2020,2020,BPH,yes,yes,生长防御权衡与农艺环境,33182659
Os6PGDH,功能验证的宿主调控/执行因子,未报告/不可由文献频次推断,1,1,2020,2020,BPH,yes,not explicit,激素、氧化还原与信号调控,33182659
OsPALs,功能验证的宿主调控/执行因子,未报告/不可由文献频次推断,1,1,2020,2020,BPH,yes,yes,次生代谢与挥发性防御,31848246
OsGRF,功能验证的宿主调控/执行因子,未报告/不可由文献频次推断,1,1,2019,2019,BPH,yes,not explicit,次生代谢与挥发性防御,30734457
OsmiR396s,功能验证的宿主调控/执行因子,未报告/不可由文献频次推断,1,1,2019,2019,BPH,yes,not explicit,次生代谢与挥发性防御,30734457
OsmiR396a,功能验证的宿主调控/执行因子,未报告/不可由文献频次推断,1,1,2019,2019,BPH,yes,yes,次生代谢与挥发性防御,30734457
OsmiR396b,功能验证的宿主调控/执行因子,未报告/不可由文献频次推断,1,1,2019,2019,BPH,yes,yes,次生代谢与挥发性防御,30734457
Osa-miR396,功能验证的宿主调控/执行因子,未报告/不可由文献频次推断,1,1,2019,2019,BPH,yes,not explicit,,31382588
OsF3HR16,功能验证的宿主调控/执行因子,未报告/不可由文献频次推断,1,1,2019,2019,BPH,yes,not explicit,次生代谢与挥发性防御,30734457
OsmiR396-OsGRF8,功能验证的宿主调控/执行因子,未报告/不可由文献频次推断,1,1,2019,2019,BPH,yes,not explicit,次生代谢与挥发性防御,30734457
OsLIS-silenced,功能验证的宿主调控/执行因子,未报告/不可由文献频次推断,1,1,2018,2018,BPH,yes,yes,生长防御权衡与农艺环境,30740564
OsERF3-silenced,功能验证的宿主调控/执行因子,未报告/不可由文献频次推断,1,1,2018,2018,BPH,yes,not explicit,激素、氧化还原与信号调控,30740564
OsWRKY13,功能验证的宿主调控/执行因子,未报告/不可由文献频次推断,1,1,2018,2018,BPH,yes,not explicit,激素、氧化还原与信号调控,30217023
OsWRKY30,功能验证的宿主调控/执行因子,未报告/不可由文献频次推断,1,1,2018,2018,BPH,yes,not explicit,激素、氧化还原与信号调控,30217023
OsWRKY33,功能验证的宿主调控/执行因子,未报告/不可由文献频次推断,1,1,2018,2018,BPH,yes,not explicit,激素、氧化还原与信号调控,30217023
OsGID-mediated,功能验证的宿主调控/执行因子,未报告/不可由文献频次推断,1,1,2018,2018,BPH,yes,not explicit,,30217023
Oshpl3,功能验证的宿主调控/执行因子,未报告/不可由文献频次推断,1,1,2018,2018,BPH,yes,not explicit,激素、氧化还原与信号调控;次生代谢与挥发性防御,30740564
OslecRK-silenced,功能验证的宿主调控/执行因子,未报告/不可由文献频次推断,1,1,2013,2013,BPH,yes,not explicit,激素、氧化还原与信号调控;宿主免疫、肽信号与昆虫效应子,24033867
OsLOX1,表达/组学关联候选,未报告/不可由文献频次推断,7,5,2008,2024,BPH,not explicit,not explicit,韧皮部取食界面与结构防御;激素、氧化还原与信号调控;次生代谢与挥发性防御;宿主免疫、肽信号与昆虫效应子,18185911;20969806;30551584;30622550;38891303
OsMPKs,表达/组学关联候选,未报告/不可由文献频次推断,83,2,2018,2023,BPH,not explicit,yes,遗传定位、克隆与抗源部署;激素、氧化还原与信号调控;次生代谢与挥发性防御;宿主免疫、肽信号与昆虫效应子,30551584;38069282
OsMPK14,表达/组学关联候选,未报告/不可由文献频次推断,5,2,2018,2025,BPH,not explicit,yes,激素、氧化还原与信号调控;宿主免疫、肽信号与昆虫效应子,30551584;40082317
Osbph6,表达/组学关联候选,未报告/不可由文献频次推断,3,2,2022,2024,BPH,not explicit,not explicit,遗传定位、克隆与抗源部署;激素、氧化还原与信号调控,36064309;38988632
OsbZIP23,表达/组学关联候选,未报告/不可由文献频次推断,2,2,2022,2024,BPH,not explicit,not explicit,遗传定位、克隆与抗源部署;激素、氧化还原与信号调控,36064309;38988632
OsPCF5,表达/组学关联候选,未报告/不可由文献频次推断,5,1,2024,2024,BPH,not explicit,yes,遗传定位、克隆与抗源部署;韧皮部取食界面与结构防御;次生代谢与挥发性防御;生长防御权衡与农艺环境,38520013
OsREM4.1,表达/组学关联候选,未报告/不可由文献频次推断,2,1,2024,2024,BPH,not explicit,yes,韧皮部取食界面与结构防御,39341852
OsPep3-elicited,表达/组学关联候选,未报告/不可由文献频次推断,2,1,2022,2022,BPH,not explicit,not explicit,韧皮部取食界面与结构防御;宿主免疫、肽信号与昆虫效应子,35068048
Os06g04990,表达/组学关联候选,未报告/不可由文献频次推断,2,1,2015,2015,BPH,not explicit,not explicit,激素、氧化还原与信号调控,26734057
Os04g56990,表达/组学关联候选,未报告/不可由文献频次推断,2,1,2015,2015,BPH,not explicit,not explicit,,26734057
OsRAR1,表达/组学关联候选,未报告/不可由文献频次推断,1,1,2023,2023,SBPH,not explicit,not explicit,病毒-媒介-水稻三方互作,37789388
OsRLCK07,表达/组学关联候选,未报告/不可由文献频次推断,1,1,2023,2023,SBPH,not explicit,not explicit,病毒-媒介-水稻三方互作,37789388
OsMAPK,表达/组学关联候选,未报告/不可由文献频次推断,1,1,2024,2024,BPH,not explicit,not explicit,激素、氧化还原与信号调控,39558244
OsR498G0408806900.01,表达/组学关联候选,未报告/不可由文献频次推断,1,1,2023,2023,BPH,not explicit,not explicit,,37480003
OsRLK-1,表达/组学关联候选,未报告/不可由文献频次推断,1,1,2023,2023,BPH,not explicit,not explicit,遗传定位、克隆与抗源部署,38003009
OsRLK-2,表达/组学关联候选,未报告/不可由文献频次推断,1,1,2023,2023,BPH,not explicit,not explicit,遗传定位、克隆与抗源部署,38003009
OsRLK-3,表达/组学关联候选,未报告/不可由文献频次推断,1,1,2023,2023,BPH,not explicit,not explicit,遗传定位、克隆与抗源部署,38003009
Os02g52780,表达/组学关联候选,未报告/不可由文献频次推断,1,1,2022,2022,BPH,not explicit,not explicit,遗传定位、克隆与抗源部署,36064309
Os04g35210,表达/组学关联候选,未报告/不可由文献频次推断,1,1,2022,2022,BPH,not explicit,not explicit,遗传定位、克隆与抗源部署,36064309
Os03g0122300,表达/组学关联候选,未报告/不可由文献频次推断,1,1,2022,2022,BPH,not explicit,not explicit,次生代谢与挥发性防御,35327963
OsF3H1,表达/组学关联候选,未报告/不可由文献频次推断,1,1,2022,2022,BPH,not explicit,not explicit,次生代谢与挥发性防御,35327963
OsJAZ11,表达/组学关联候选,未报告/不可由文献频次推断,1,1,2022,2022,BPH,not explicit,not explicit,激素、氧化还原与信号调控,35682997
OsJAZ1,表达/组学关联候选,未报告/不可由文献频次推断,1,1,2022,2022,BPH,not explicit,not explicit,,36064309
OsTDC1,表达/组学关联候选,未报告/不可由文献频次推断,1,1,2022,2022,BPH,not explicit,not explicit,次生代谢与挥发性防御,36064309
Os01g0741200,表达/组学关联候选,未报告/不可由文献频次推断,1,1,2021,2021,BPH,not explicit,not explicit,韧皮部取食界面与结构防御;激素、氧化还原与信号调控;宿主免疫、肽信号与昆虫效应子,34193042
Os01g0949500,表达/组学关联候选,未报告/不可由文献频次推断,1,1,2021,2021,BPH,not explicit,not explicit,韧皮部取食界面与结构防御;激素、氧化还原与信号调控;宿主免疫、肽信号与昆虫效应子,34193042
Os01g0955100,表达/组学关联候选,未报告/不可由文献频次推断,1,1,2021,2021,BPH,not explicit,not explicit,韧皮部取食界面与结构防御;激素、氧化还原与信号调控;宿主免疫、肽信号与昆虫效应子,34193042
Os02g0285300,表达/组学关联候选,未报告/不可由文献频次推断,1,1,2021,2021,BPH,not explicit,not explicit,韧皮部取食界面与结构防御;激素、氧化还原与信号调控;宿主免疫、肽信号与昆虫效应子,34193042
Os02g0719000,表达/组学关联候选,未报告/不可由文献频次推断,1,1,2021,2021,BPH,not explicit,not explicit,韧皮部取食界面与结构防御;激素、氧化还原与信号调控;宿主免疫、肽信号与昆虫效应子,34193042
Os04g0492800,表达/组学关联候选,未报告/不可由文献频次推断,1,1,2021,2021,BPH,not explicit,not explicit,韧皮部取食界面与结构防御;激素、氧化还原与信号调控;宿主免疫、肽信号与昆虫效应子,34193042
Os05g0454200,表达/组学关联候选,未报告/不可由文献频次推断,1,1,2021,2021,BPH,not explicit,not explicit,韧皮部取食界面与结构防御;激素、氧化还原与信号调控;宿主免疫、肽信号与昆虫效应子,34193042
Os05g0513800,表达/组学关联候选,未报告/不可由文献频次推断,1,1,2021,2021,BPH,not explicit,not explicit,韧皮部取食界面与结构防御;激素、氧化还原与信号调控;宿主免疫、肽信号与昆虫效应子,34193042
Os06g0683400,表达/组学关联候选,未报告/不可由文献频次推断,1,1,2021,2021,BPH,not explicit,not explicit,韧皮部取食界面与结构防御;激素、氧化还原与信号调控;宿主免疫、肽信号与昆虫效应子,34193042
Os09g0482800,表达/组学关联候选,未报告/不可由文献频次推断,1,1,2021,2021,BPH,not explicit,not explicit,韧皮部取食界面与结构防御;激素、氧化还原与信号调控;宿主免疫、肽信号与昆虫效应子,34193042
OsLysM-RLK4,表达/组学关联候选,未报告/不可由文献频次推断,1,1,2021,2021,BPH,not explicit,not explicit,韧皮部取食界面与结构防御;激素、氧化还原与信号调控;宿主免疫、肽信号与昆虫效应子,34193042
OsTCP21,表达/组学关联候选,未报告/不可由文献频次推断,1,1,2020,2020,BPH,not explicit,not explicit,激素、氧化还原与信号调控;宿主免疫、肽信号与昆虫效应子;病毒-媒介-水稻三方互作,32041548
Osa1,表达/组学关联候选,未报告/不可由文献频次推断,1,1,2020,2020,BPH,not explicit,not explicit,,33066559
OsDTC1,表达/组学关联候选,未报告/不可由文献频次推断,1,1,2019,2019,BPH,not explicit,yes,,30658570
OsRPK1,表达/组学关联候选,未报告/不可由文献频次推断,1,1,2016,2016,BPH,not explicit,not explicit,激素、氧化还原与信号调控;病毒-媒介-水稻三方互作,27540739
OsGSR1,表达/组学关联候选,未报告/不可由文献频次推断,1,1,2015,2015,BPH,not explicit,not explicit,,26734057
Os01g38610,表达/组学关联候选,未报告/不可由文献频次推断,1,1,2015,2015,BPH,not explicit,not explicit,,26734057
Os01g73250,表达/组学关联候选,未报告/不可由文献频次推断,1,1,2015,2015,BPH,not explicit,not explicit,激素、氧化还原与信号调控,26734057
Os06g37150,表达/组学关联候选,未报告/不可由文献频次推断,1,1,2015,2015,BPH,not explicit,not explicit,激素、氧化还原与信号调控,26734057
Os12g43440,表达/组学关联候选,未报告/不可由文献频次推断,1,1,2015,2015,BPH,not explicit,not explicit,激素、氧化还原与信号调控,26734057
Os01g37350,表达/组学关联候选,未报告/不可由文献频次推断,1,1,2015,2015,BPH,not explicit,not explicit,,26734057
OsMYB30,作用层级待核验的宿主基因,未报告/不可由文献频次推断,7,6,2022,2024,BPH,not explicit,yes,遗传定位、克隆与抗源部署;韧皮部取食界面与结构防御;激素、氧化还原与信号调控;次生代谢与挥发性防御;宿主免疫、肽信号与昆虫效应子,35068048;36952539;37569437;38069282;38520013;38562566
OsLecRKs,作用层级待核验的宿主基因,未报告/不可由文献频次推断,8,3,2018,2023,BPH,not explicit,yes,激素、氧化还原与信号调控;宿主免疫、肽信号与昆虫效应子,30551584;30888525;36952539
OsRLCK185,作用层级待核验的宿主基因,未报告/不可由文献频次推断,4,3,2023,2024,BPH,not explicit,not explicit,激素、氧化还原与信号调控;宿主免疫、肽信号与昆虫效应子,37316670;38337906;38601688
OsMPK6,作用层级待核验的宿主基因,未报告/不可由文献频次推断,3,3,2017,2023,BPH,not explicit,not explicit,激素、氧化还原与信号调控;宿主免疫、肽信号与昆虫效应子;生长防御权衡与农艺环境,28167952;30551584;37834016
OsPAL1,作用层级待核验的宿主基因,未报告/不可由文献频次推断,6,2,2018,2022,BPH,not explicit,yes,遗传定位、克隆与抗源部署;激素、氧化还原与信号调控;次生代谢与挥发性防御;宿主免疫、肽信号与昆虫效应子,30551584;35876337
OsNBR1,作用层级待核验的宿主基因,未报告/不可由文献频次推断,5,2,2023,2023,BPH,not explicit,yes,遗传定位、克隆与抗源部署;宿主免疫、肽信号与昆虫效应子;生长防御权衡与农艺环境,37316670;37569437
OsLecRK4,作用层级待核验的宿主基因,未报告/不可由文献频次推断,5,2,2018,2020,BPH,not explicit,yes,激素、氧化还原与信号调控;宿主免疫、肽信号与昆虫效应子,30551584;33154527
OsJMT1,作用层级待核验的宿主基因,未报告/不可由文献频次推断,3,2,2017,2018,BPH,not explicit,not explicit,遗传定位、克隆与抗源部署;激素、氧化还原与信号调控;次生代谢与挥发性防御,28245796;30740564
OsPLDa4,作用层级待核验的宿主基因,未报告/不可由文献频次推断,2,2,2017,2024,BPH,not explicit,not explicit,激素、氧化还原与信号调控;次生代谢与挥发性防御,28245796;38891303
Osaka,作用层级待核验的宿主基因,未报告/不可由文献频次推断,2,2,2014,2023,BPH,yes,yes,遗传定位、克隆与抗源部署,25076167;37636116
OsWRKY45-dependent,作用层级待核验的宿主基因,未报告/不可由文献频次推断,2,2,2016,2018,BPH,not explicit,not explicit,激素、氧化还原与信号调控,27258255;29695083
OsLCB2a1,作用层级待核验的宿主基因,原句含效应量/主微效描述，需回到原文核验,7,1,2016,2016,BPH,not explicit,not explicit,激素、氧化还原与信号调控;次生代谢与挥发性防御,27990147
OsHDZIP,作用层级待核验的宿主基因,未报告/不可由文献频次推断,6,1,2022,2022,BPH;SBPH,not explicit,yes,激素、氧化还原与信号调控;宿主免疫、肽信号与昆虫效应子,36004924
OsMPK5,作用层级待核验的宿主基因,未报告/不可由文献频次推断,5,1,2018,2018,BPH,not explicit,yes,激素、氧化还原与信号调控;宿主免疫、肽信号与昆虫效应子,30551584
OsMPK1,作用层级待核验的宿主基因,未报告/不可由文献频次推断,5,1,2018,2018,BPH,not explicit,not explicit,宿主免疫、肽信号与昆虫效应子,30551584
OsMPK9,作用层级待核验的宿主基因,未报告/不可由文献频次推断,5,1,2018,2018,BPH,not explicit,not explicit,激素、氧化还原与信号调控;宿主免疫、肽信号与昆虫效应子,30551584
OsHLH61,作用层级待核验的宿主基因,未报告/不可由文献频次推断,4,1,2019,2019,BPH,not explicit,yes,激素、氧化还原与信号调控;生长防御权衡与农艺环境,30796564
OsMPK8,作用层级待核验的宿主基因,未报告/不可由文献频次推断,4,1,2018,2018,BPH,not explicit,not explicit,激素、氧化还原与信号调控;宿主免疫、肽信号与昆虫效应子,30551584
OsMPK12,作用层级待核验的宿主基因,未报告/不可由文献频次推断,4,1,2018,2018,BPH,not explicit,yes,激素、氧化还原与信号调控;宿主免疫、肽信号与昆虫效应子,30551584
OsMPK13,作用层级待核验的宿主基因,未报告/不可由文献频次推断,4,1,2018,2018,BPH,not explicit,yes,宿主免疫、肽信号与昆虫效应子,30551584
OsMPK16,作用层级待核验的宿主基因,未报告/不可由文献频次推断,4,1,2018,2018,BPH,not explicit,yes,激素、氧化还原与信号调控;宿主免疫、肽信号与昆虫效应子,30551584
OsMPK,作用层级待核验的宿主基因,未报告/不可由文献频次推断,4,1,2018,2018,BPH,not explicit,yes,宿主免疫、肽信号与昆虫效应子,30551584
OsmiR159-OsGAMYBL2-GS3,作用层级待核验的宿主基因,未报告/不可由文献频次推断,3,1,2023,2023,BPH,not explicit,not explicit,,37402009
OsMPK7,作用层级待核验的宿主基因,未报告/不可由文献频次推断,3,1,2018,2018,BPH,not explicit,yes,宿主免疫、肽信号与昆虫效应子,30551584
OsGST,作用层级待核验的宿主基因,未报告/不可由文献频次推断,3,1,2018,2018,BPH,not explicit,not explicit,激素、氧化还原与信号调控;次生代谢与挥发性防御;宿主免疫、肽信号与昆虫效应子,30551584
OsSOD,作用层级待核验的宿主基因,未报告/不可由文献频次推断,3,1,2018,2018,BPH,not explicit,not explicit,激素、氧化还原与信号调控;次生代谢与挥发性防御;宿主免疫、肽信号与昆虫效应子,30551584
OsEDS1,作用层级待核验的宿主基因,未报告/不可由文献频次推断,3,1,2018,2018,BPH,not explicit,yes,激素、氧化还原与信号调控;次生代谢与挥发性防御;宿主免疫、肽信号与昆虫效应子,30551584
OsGF14e-EDR1l,作用层级待核验的宿主基因,未报告/不可由文献频次推断,2,1,2025,2025,BPH,not explicit,not explicit,宿主免疫、肽信号与昆虫效应子,39853648
OsLecRK1-independent,作用层级待核验的宿主基因,未报告/不可由文献频次推断,2,1,2023,2023,BPH,not explicit,not explicit,激素、氧化还原与信号调控,36952539
OsTPS31,作用层级待核验的宿主基因,未报告/不可由文献频次推断,2,1,2023,2023,BPH,not explicit,not explicit,遗传定位、克隆与抗源部署,36637212
OsMIR159,作用层级待核验的宿主基因,未报告/不可由文献频次推断,2,1,2023,2023,BPH,not explicit,not explicit,,37402009
OsPR1a,作用层级待核验的宿主基因,未报告/不可由文献频次推断,2,1,2023,2023,BPH,not explicit,not explicit,激素、氧化还原与信号调控,37372105
OsPep3-treated,作用层级待核验的宿主基因,未报告/不可由文献频次推断,2,1,2022,2022,BPH,not explicit,not explicit,韧皮部取食界面与结构防御;宿主免疫、肽信号与昆虫效应子,35068048
OsPROPEPs,作用层级待核验的宿主基因,未报告/不可由文献频次推断,2,1,2022,2022,BPH,not explicit,not explicit,宿主免疫、肽信号与昆虫效应子,35068048
OsHDZIP10,作用层级待核验的宿主基因,未报告/不可由文献频次推断,2,1,2022,2022,BPH;SBPH,not explicit,not explicit,宿主免疫、肽信号与昆虫效应子,36004924
OsHDZIP40,作用层级待核验的宿主基因,未报告/不可由文献频次推断,2,1,2022,2022,BPH;SBPH,not explicit,not explicit,宿主免疫、肽信号与昆虫效应子,36004924
OsMPK2,作用层级待核验的宿主基因,未报告/不可由文献频次推断,2,1,2018,2018,BPH,not explicit,not explicit,宿主免疫、肽信号与昆虫效应子,30551584
OsC4H,作用层级待核验的宿主基因,未报告/不可由文献频次推断,2,1,2018,2018,BPH,not explicit,not explicit,激素、氧化还原与信号调控;次生代谢与挥发性防御;宿主免疫、肽信号与昆虫效应子,30551584
OsCHI,作用层级待核验的宿主基因,未报告/不可由文献频次推断,2,1,2018,2018,BPH,not explicit,not explicit,激素、氧化还原与信号调控;次生代谢与挥发性防御;宿主免疫、肽信号与昆虫效应子,30551584
OsCHS,作用层级待核验的宿主基因,未报告/不可由文献频次推断,2,1,2018,2018,BPH,not explicit,not explicit,激素、氧化还原与信号调控;次生代谢与挥发性防御;宿主免疫、肽信号与昆虫效应子,30551584
OsEIN2,作用层级待核验的宿主基因,未报告/不可由文献频次推断,2,1,2018,2018,BPH,not explicit,not explicit,激素、氧化还原与信号调控;宿主免疫、肽信号与昆虫效应子,30551584
OsMPK17,作用层级待核验的宿主基因,未报告/不可由文献频次推断,2,1,2018,2018,BPH,not explicit,not explicit,宿主免疫、肽信号与昆虫效应子,30551584
Os04g27430,作用层级待核验的宿主基因,未报告/不可由文献频次推断,2,1,2013,2013,BPH,not explicit,not explicit,次生代谢与挥发性防御,24280452
OsMYC3,作用层级待核验的宿主基因,未报告/不可由文献频次推断,1,1,2021,2021,SBPH;WBPH,not explicit,not explicit,韧皮部取食界面与结构防御;激素、氧化还原与信号调控;病毒-媒介-水稻三方互作,33836579
OsLecRK1-4,作用层级待核验的宿主基因,未报告/不可由文献频次推断,1,1,2020,2020,BPH,not explicit,yes,激素、氧化还原与信号调控;宿主免疫、肽信号与昆虫效应子,33154527
Os04g0165900,作用层级待核验的宿主基因,未报告/不可由文献频次推断,1,1,2019,2019,BPH;WBPH,not explicit,not explicit,,31598076
Os04g0166000,作用层级待核验的宿主基因,未报告/不可由文献频次推断,1,1,2019,2019,BPH;WBPH,not explicit,not explicit,,31598076
Os03g10930.2,作用层级待核验的宿主基因,未报告/不可由文献频次推断,1,1,2025,2025,BPH,not explicit,yes,,40214427
OsRPL15,作用层级待核验的宿主基因,未报告/不可由文献频次推断,1,1,2025,2025,BPH,not explicit,yes,,40214427
OsRPL18a,作用层级待核验的宿主基因,未报告/不可由文献频次推断,1,1,2025,2025,BPH,not explicit,yes,,40214427
OsRPL22,作用层级待核验的宿主基因,未报告/不可由文献频次推断,1,1,2025,2025,BPH,not explicit,yes,,40214427
OsRPL36.2,作用层级待核验的宿主基因,未报告/不可由文献频次推断,1,1,2025,2025,BPH,not explicit,yes,,40214427
OsRPL38,作用层级待核验的宿主基因,未报告/不可由文献频次推断,1,1,2025,2025,BPH,not explicit,yes,,40214427
OsRPL51,作用层级待核验的宿主基因,未报告/不可由文献频次推断,1,1,2025,2025,BPH,not explicit,yes,,40214427
OsRPS25a,作用层级待核验的宿主基因,未报告/不可由文献频次推断,1,1,2025,2025,BPH,not explicit,yes,,40214427
OsRPS5,作用层级待核验的宿主基因,未报告/不可由文献频次推断,1,1,2025,2025,BPH,not explicit,yes,,40214427
OsRPS5a,作用层级待核验的宿主基因,未报告/不可由文献频次推断,1,1,2025,2025,BPH,not explicit,yes,,40214427
OsRPS9.2,作用层级待核验的宿主基因,未报告/不可由文献频次推断,1,1,2025,2025,BPH,not explicit,yes,,40214427
OsEIL1-mediated,作用层级待核验的宿主基因,未报告/不可由文献频次推断,1,1,2025,2025,BPH,not explicit,not explicit,激素、氧化还原与信号调控,39846346
OsGF14e-EDR1,作用层级待核验的宿主基因,未报告/不可由文献频次推断,1,1,2025,2025,BPH,not explicit,not explicit,宿主免疫、肽信号与昆虫效应子,39853648
OsmiR319-OsPCF5-OsMYB,作用层级待核验的宿主基因,未报告/不可由文献频次推断,1,1,2024,2024,BPH,not explicit,not explicit,次生代谢与挥发性防御,38520013
Os01g42710,作用层级待核验的宿主基因,未报告/不可由文献频次推断,1,1,2024,2024,BPH,not explicit,not explicit,激素、氧化还原与信号调控;宿主免疫、肽信号与昆虫效应子,38337906
Os02g06450,作用层级待核验的宿主基因,未报告/不可由文献频次推断,1,1,2024,2024,BPH,not explicit,not explicit,激素、氧化还原与信号调控;宿主免疫、肽信号与昆虫效应子,38337906
Os05g30870,作用层级待核验的宿主基因,未报告/不可由文献频次推断,1,1,2024,2024,BPH,not explicit,not explicit,激素、氧化还原与信号调控;宿主免疫、肽信号与昆虫效应子,38337906
OsATL32,作用层级待核验的宿主基因,未报告/不可由文献频次推断,1,1,2024,2024,BPH,not explicit,yes,宿主免疫、肽信号与昆虫效应子,39245936
OsCERK1-interacting-E3,作用层级待核验的宿主基因,未报告/不可由文献频次推断,1,1,2024,2024,BPH,not explicit,yes,宿主免疫、肽信号与昆虫效应子,39245936
OsCIE1,作用层级待核验的宿主基因,未报告/不可由文献频次推断,1,1,2024,2024,BPH,not explicit,yes,宿主免疫、肽信号与昆虫效应子,39245936
OsPUB15,作用层级待核验的宿主基因,未报告/不可由文献频次推断,1,1,2024,2024,BPH,not explicit,yes,宿主免疫、肽信号与昆虫效应子,39245936
OsKSL4,作用层级待核验的宿主基因,未报告/不可由文献频次推断,1,1,2024,2024,BPH,not explicit,not explicit,遗传定位、克隆与抗源部署;激素、氧化还原与信号调控,38988632
OsPAO6,作用层级待核验的宿主基因,未报告/不可由文献频次推断,1,1,2024,2024,BPH,not explicit,not explicit,激素、氧化还原与信号调控,39432737
Os02g36510,作用层级待核验的宿主基因,未报告/不可由文献频次推断,1,1,2024,2024,BPH,not explicit,not explicit,激素、氧化还原与信号调控,38337906
Os04g57050,作用层级待核验的宿主基因,未报告/不可由文献频次推断,1,1,2024,2024,BPH,not explicit,not explicit,激素、氧化还原与信号调控,38337906
Os11g04720,作用层级待核验的宿主基因,未报告/不可由文献频次推断,1,1,2024,2024,BPH,not explicit,not explicit,激素、氧化还原与信号调控,38337906
OsEIL5,作用层级待核验的宿主基因,未报告/不可由文献频次推断,1,1,2024,2024,BPH,not explicit,not explicit,激素、氧化还原与信号调控,38337906
OsEIL6,作用层级待核验的宿主基因,未报告/不可由文献频次推断,1,1,2024,2024,BPH,not explicit,not explicit,激素、氧化还原与信号调控,38337906
OsRR9,作用层级待核验的宿主基因,未报告/不可由文献频次推断,1,1,2024,2024,BPH,not explicit,not explicit,激素、氧化还原与信号调控,38337906
Os04g27190,作用层级待核验的宿主基因,未报告/不可由文献频次推断,1,1,2024,2024,BPH,not explicit,not explicit,,39340817
Os04g27340,作用层级待核验的宿主基因,未报告/不可由文献频次推断,1,1,2024,2024,BPH,not explicit,not explicit,,39340817
OsMYB30C,作用层级待核验的宿主基因,未报告/不可由文献频次推断,1,1,2024,2024,BPH,not explicit,yes,生长防御权衡与农艺环境,38520013
OsABA8ox3,作用层级待核验的宿主基因,未报告/不可由文献频次推断,1,1,2024,2024,BPH,not explicit,not explicit,激素、氧化还原与信号调控,38988632
OsARID1,作用层级待核验的宿主基因,未报告/不可由文献频次推断,1,1,2023,2023,BPH,not explicit,not explicit,激素、氧化还原与信号调控,36952539
OsARID6,作用层级待核验的宿主基因,未报告/不可由文献频次推断,1,1,2023,2023,BPH,not explicit,not explicit,激素、氧化还原与信号调控,36952539
Osa-miR156,作用层级待核验的宿主基因,未报告/不可由文献频次推断,1,1,2023,2023,BPH,not explicit,not explicit,激素、氧化还原与信号调控,38078088
OsmiR396f-3p-OsWRKY59,作用层级待核验的宿主基因,未报告/不可由文献频次推断,1,1,2023,2023,BPH,not explicit,not explicit,,37636117
OsBPH14,作用层级待核验的宿主基因,未报告/不可由文献频次推断,1,1,2023,2023,BPH,not explicit,not explicit,遗传定位、克隆与抗源部署,36637212
OsCRN,作用层级待核验的宿主基因,未报告/不可由文献频次推断,1,1,2023,2023,BPH;WBPH,not explicit,yes,,37373210
Osnbr1,作用层级待核验的宿主基因,未报告/不可由文献频次推断,1,1,2023,2023,,not explicit,not explicit,,37316670
OsLRR-RLK2,作用层级待核验的宿主基因,未报告/不可由文献频次推断,1,1,2023,2023,BPH,not explicit,not explicit,,37834016
OsMYB30-OsPAL-SA,作用层级待核验的宿主基因,未报告/不可由文献频次推断,1,1,2023,2023,BPH,not explicit,not explicit,激素、氧化还原与信号调控;次生代谢与挥发性防御,36952539
OsmiR159d,作用层级待核验的宿主基因,未报告/不可由文献频次推断,1,1,2023,2023,BPH,not explicit,not explicit,,37402009
OsGRF8-OsF3H,作用层级待核验的宿主基因,未报告/不可由文献频次推断,1,1,2023,2023,BPH,not explicit,not explicit,,37176028
OsARID,作用层级待核验的宿主基因,未报告/不可由文献频次推断,1,1,2023,2023,BPH,not explicit,not explicit,激素、氧化还原与信号调控,36952539
OsCslF6-catalysed,作用层级待核验的宿主基因,未报告/不可由文献频次推断,1,1,2023,2023,BPH,not explicit,not explicit,激素、氧化还原与信号调控,36952539
OsPR10a,作用层级待核验的宿主基因,未报告/不可由文献频次推断,1,1,2023,2023,BPH,not explicit,not explicit,激素、氧化还原与信号调控,37372105
OsmiR159-G,作用层级待核验的宿主基因,未报告/不可由文献频次推断,1,1,2023,2023,BPH,not explicit,not explicit,,37402009
OsmiR159-OsGAMYBL2,作用层级待核验的宿主基因,未报告/不可由文献频次推断,1,1,2023,2023,BPH,not explicit,not explicit,,37402009
OsEXO70H3-OsSMASL,作用层级待核验的宿主基因,未报告/不可由文献频次推断,1,1,2023,2023,BPH,not explicit,yes,遗传定位、克隆与抗源部署;韧皮部取食界面与结构防御,37569437
OsATG8A-BD,作用层级待核验的宿主基因,未报告/不可由文献频次推断,1,1,2023,2023,,not explicit,not explicit,遗传定位、克隆与抗源部署,37316670
OsATG8B-BD,作用层级待核验的宿主基因,未报告/不可由文献频次推断,1,1,2023,2023,,not explicit,not explicit,遗传定位、克隆与抗源部署,37316670
OsATG8C-BD,作用层级待核验的宿主基因,未报告/不可由文献频次推断,1,1,2023,2023,,not explicit,not explicit,遗传定位、克隆与抗源部署,37316670
OsATG8E-BD,作用层级待核验的宿主基因,未报告/不可由文献频次推断,1,1,2023,2023,,not explicit,not explicit,遗传定位、克隆与抗源部署,37316670
OsATG8a,作用层级待核验的宿主基因,未报告/不可由文献频次推断,1,1,2023,2023,,not explicit,not explicit,遗传定位、克隆与抗源部署,37316670
OsATG8b,作用层级待核验的宿主基因,未报告/不可由文献频次推断,1,1,2023,2023,,not explicit,not explicit,遗传定位、克隆与抗源部署,37316670
OsATG8c,作用层级待核验的宿主基因,未报告/不可由文献频次推断,1,1,2023,2023,,not explicit,not explicit,遗传定位、克隆与抗源部署,37316670
OsATG8e,作用层级待核验的宿主基因,未报告/不可由文献频次推断,1,1,2023,2023,,not explicit,not explicit,遗传定位、克隆与抗源部署,37316670
OsNBR1-BD,作用层级待核验的宿主基因,未报告/不可由文献频次推断,1,1,2023,2023,,not explicit,not explicit,遗传定位、克隆与抗源部署,37316670
OsMYC2-OsCslF6,作用层级待核验的宿主基因,未报告/不可由文献频次推断,1,1,2023,2023,BPH,not explicit,not explicit,激素、氧化还原与信号调控;宿主免疫、肽信号与昆虫效应子,36952539
Osa-miR5795,作用层级待核验的宿主基因,未报告/不可由文献频次推断,1,1,2023,2023,BPH,not explicit,not explicit,,38078088
OsVSP,作用层级待核验的宿主基因,未报告/不可由文献频次推断,1,1,2023,2023,BPH,not explicit,not explicit,激素、氧化还原与信号调控,37372105
OsGAMYBL2,作用层级待核验的宿主基因,未报告/不可由文献频次推断,1,1,2023,2023,BPH,not explicit,not explicit,,37402009
OsPR3,作用层级待核验的宿主基因,未报告/不可由文献频次推断,1,1,2023,2023,BPH,not explicit,not explicit,激素、氧化还原与信号调控,37372105
OsMAPKK10.2,作用层级待核验的宿主基因,未报告/不可由文献频次推断,1,1,2022,2022,BPH,not explicit,not explicit,激素、氧化还原与信号调控;次生代谢与挥发性防御;宿主免疫、肽信号与昆虫效应子,35068048
OsPAL4,作用层级待核验的宿主基因,未报告/不可由文献频次推断,1,1,2022,2022,BPH,not explicit,not explicit,激素、氧化还原与信号调控;次生代谢与挥发性防御;宿主免疫、肽信号与昆虫效应子,35068048
OsRBBI3-3,作用层级待核验的宿主基因,未报告/不可由文献频次推断,1,1,2022,2022,BPH,not explicit,not explicit,激素、氧化还原与信号调控;次生代谢与挥发性防御;宿主免疫、肽信号与昆虫效应子,35068048
OsTHT1,作用层级待核验的宿主基因,未报告/不可由文献频次推断,1,1,2022,2022,BPH,not explicit,not explicit,激素、氧化还原与信号调控;次生代谢与挥发性防御;宿主免疫、肽信号与昆虫效应子,35068048
OsPep,作用层级待核验的宿主基因,未报告/不可由文献频次推断,1,1,2022,2022,BPH,not explicit,not explicit,宿主免疫、肽信号与昆虫效应子,35068048
OsPAL,作用层级待核验的宿主基因,原句含效应量/主微效描述，需回到原文核验,1,1,2022,2022,BPH,not explicit,not explicit,韧皮部取食界面与结构防御;激素、氧化还原与信号调控;次生代谢与挥发性防御;宿主免疫、肽信号与昆虫效应子,36212323
OsPROPEP5,作用层级待核验的宿主基因,未报告/不可由文献频次推断,1,1,2022,2022,BPH,not explicit,not explicit,宿主免疫、肽信号与昆虫效应子,35068048
OsPep7,作用层级待核验的宿主基因,未报告/不可由文献频次推断,1,1,2022,2022,BPH,not explicit,not explicit,宿主免疫、肽信号与昆虫效应子,35068048
OsPeps.We,作用层级待核验的宿主基因,未报告/不可由文献频次推断,1,1,2022,2022,BPH,not explicit,not explicit,宿主免疫、肽信号与昆虫效应子,35068048
OsAOS-deficient,作用层级待核验的宿主基因,未报告/不可由文献频次推断,1,1,2022,2022,BPH,not explicit,not explicit,,35876337
OsCOI1-deficient,作用层级待核验的宿主基因,未报告/不可由文献频次推断,1,1,2022,2022,BPH,not explicit,not explicit,,35876337
OsAPX1,作用层级待核验的宿主基因,未报告/不可由文献频次推断,1,1,2022,2022,BPH,not explicit,not explicit,,35386681
OsAPX2,作用层级待核验的宿主基因,未报告/不可由文献频次推断,1,1,2022,2022,BPH,not explicit,not explicit,,35386681
OsHDZIP03,作用层级待核验的宿主基因,未报告/不可由文献频次推断,1,1,2022,2022,BPH;SBPH,not explicit,not explicit,宿主免疫、肽信号与昆虫效应子,36004924
OsHDZIP04,作用层级待核验的宿主基因,未报告/不可由文献频次推断,1,1,2022,2022,BPH;SBPH,not explicit,not explicit,宿主免疫、肽信号与昆虫效应子,36004924
OsHDZIP15,作用层级待核验的宿主基因,未报告/不可由文献频次推断,1,1,2022,2022,BPH;SBPH,not explicit,not explicit,宿主免疫、肽信号与昆虫效应子,36004924
OsHDZIP28,作用层级待核验的宿主基因,未报告/不可由文献频次推断,1,1,2022,2022,BPH;SBPH,not explicit,not explicit,宿主免疫、肽信号与昆虫效应子,36004924
OsHDZIP37,作用层级待核验的宿主基因,未报告/不可由文献频次推断,1,1,2022,2022,BPH;SBPH,not explicit,not explicit,宿主免疫、肽信号与昆虫效应子,36004924
OsHSP70,作用层级待核验的宿主基因,未报告/不可由文献频次推断,1,1,2022,2022,BPH,not explicit,not explicit,宿主免疫、肽信号与昆虫效应子,35323596
OsHSP71.1,作用层级待核验的宿主基因,未报告/不可由文献频次推断,1,1,2022,2022,BPH,not explicit,not explicit,宿主免疫、肽信号与昆虫效应子,35323596
OsEXO70H3-RFP,作用层级待核验的宿主基因,未报告/不可由文献频次推断,1,1,2022,2022,,not explicit,not explicit,韧皮部取食界面与结构防御,35119102
OsHDZP28,作用层级待核验的宿主基因,未报告/不可由文献频次推断,1,1,2022,2022,BPH;SBPH,not explicit,not explicit,激素、氧化还原与信号调控;宿主免疫、肽信号与昆虫效应子,36004924
OsHDZP3,作用层级待核验的宿主基因,未报告/不可由文献频次推断,1,1,2022,2022,BPH;SBPH,not explicit,not explicit,激素、氧化还原与信号调控;宿主免疫、肽信号与昆虫效应子,36004924
OsHDZP9,作用层级待核验的宿主基因,未报告/不可由文献频次推断,1,1,2022,2022,BPH;SBPH,not explicit,not explicit,激素、氧化还原与信号调控;宿主免疫、肽信号与昆虫效应子,36004924
OsPeps,作用层级待核验的宿主基因,未报告/不可由文献频次推断,1,1,2022,2022,BPH,not explicit,not explicit,宿主免疫、肽信号与昆虫效应子,35068048
OsPIN3t,作用层级待核验的宿主基因,未报告/不可由文献频次推断,1,1,2022,2022,BPH,not explicit,yes,遗传定位、克隆与抗源部署,35576158
OsEXO70H3-HA,作用层级待核验的宿主基因,未报告/不可由文献频次推断,1,1,2022,2022,,not explicit,not explicit,韧皮部取食界面与结构防御,35119102
OsHDZIP20,作用层级待核验的宿主基因,未报告/不可由文献频次推断,1,1,2022,2022,BPH;SBPH,not explicit,not explicit,宿主免疫、肽信号与昆虫效应子,36004924
OsHDZIP3,作用层级待核验的宿主基因,未报告/不可由文献频次推断,1,1,2022,2022,BPH;SBPH,not explicit,not explicit,宿主免疫、肽信号与昆虫效应子,36004924
OsHDZIP4,作用层级待核验的宿主基因,未报告/不可由文献频次推断,1,1,2022,2022,BPH;SBPH,not explicit,not explicit,宿主免疫、肽信号与昆虫效应子,36004924
OsBBPI,作用层级待核验的宿主基因,未报告/不可由文献频次推断,1,1,2022,2022,BPH,not explicit,not explicit,激素、氧化还原与信号调控;次生代谢与挥发性防御,35876337
Osg1,作用层级待核验的宿主基因,未报告/不可由文献频次推断,1,1,2022,2022,BPH,not explicit,not explicit,激素、氧化还原与信号调控;次生代谢与挥发性防御,35876337
OsATL15-1,作用层级待核验的宿主基因,未报告/不可由文献频次推断,1,1,2022,2022,BPH,not explicit,not explicit,,35678495
OsPROPEP3,作用层级待核验的宿主基因,未报告/不可由文献频次推断,1,1,2022,2022,BPH,not explicit,not explicit,宿主免疫、肽信号与昆虫效应子,35068048
OsEBFS,作用层级待核验的宿主基因,未报告/不可由文献频次推断,1,1,2021,2021,BPH,not explicit,not explicit,次生代谢与挥发性防御,34067367
OsMAPK3,作用层级待核验的宿主基因,未报告/不可由文献频次推断,1,1,2021,2021,BPH,not explicit,not explicit,激素、氧化还原与信号调控,33562367
OsMAPK6,作用层级待核验的宿主基因,未报告/不可由文献频次推断,1,1,2021,2021,BPH,not explicit,not explicit,激素、氧化还原与信号调控,33562367
OsRAI1,作用层级待核验的宿主基因,未报告/不可由文献频次推断,1,1,2021,2021,BPH,not explicit,not explicit,激素、氧化还原与信号调控,33562367
OsBAGs,作用层级待核验的宿主基因,未报告/不可由文献频次推断,1,1,2021,2021,BPH,not explicit,not explicit,,34685978
OsRLR1,作用层级待核验的宿主基因,未报告/不可由文献频次推断,1,1,2021,2021,,not explicit,not explicit,,33368943
OsWRKY19,作用层级待核验的宿主基因,未报告/不可由文献频次推断,1,1,2021,2021,,not explicit,not explicit,,33368943
OsMAPKK3,作用层级待核验的宿主基因,未报告/不可由文献频次推断,1,1,2021,2021,BPH,not explicit,not explicit,激素、氧化还原与信号调控,33562367
OsMAPKK,作用层级待核验的宿主基因,未报告/不可由文献频次推断,1,1,2021,2021,BPH,not explicit,not explicit,激素、氧化还原与信号调控,33562367
OsMAPKs,作用层级待核验的宿主基因,未报告/不可由文献频次推断,1,1,2021,2021,BPH,not explicit,not explicit,激素、氧化还原与信号调控,33562367
OsMKK3-mediated,作用层级待核验的宿主基因,未报告/不可由文献频次推断,1,1,2021,2021,BPH,not explicit,not explicit,激素、氧化还原与信号调控,33424241
OsLecRK4.Further,作用层级待核验的宿主基因,未报告/不可由文献频次推断,1,1,2020,2020,BPH,not explicit,yes,遗传定位、克隆与抗源部署;激素、氧化还原与信号调控;宿主免疫、肽信号与昆虫效应子;生长防御权衡与农艺环境,32937908
OsBi1,作用层级待核验的宿主基因,未报告/不可由文献频次推断,1,1,2020,2020,BPH,not explicit,not explicit,,32778975
Os04g0201900,作用层级待核验的宿主基因,原句含效应量/主微效描述，需回到原文核验,1,1,2019,2019,BPH,not explicit,yes,遗传定位、克隆与抗源部署,31086482
Os04g0202300,作用层级待核验的宿主基因,原句含效应量/主微效描述，需回到原文核验,1,1,2019,2019,BPH,not explicit,yes,遗传定位、克隆与抗源部署,31086482
OsbHLH96,作用层级待核验的宿主基因,未报告/不可由文献频次推断,1,1,2019,2019,BPH,not explicit,yes,激素、氧化还原与信号调控,30796564
OsLecRK1-3,作用层级待核验的宿主基因,未报告/不可由文献频次推断,1,1,2018,2018,BPH,not explicit,not explicit,宿主免疫、肽信号与昆虫效应子,30551584
OsMPK10,作用层级待核验的宿主基因,未报告/不可由文献频次推断,1,1,2018,2018,BPH,not explicit,not explicit,宿主免疫、肽信号与昆虫效应子,30551584
OsMPK11,作用层级待核验的宿主基因,未报告/不可由文献频次推断,1,1,2018,2018,BPH,not explicit,not explicit,宿主免疫、肽信号与昆虫效应子,30551584
OsMPK15,作用层级待核验的宿主基因,未报告/不可由文献频次推断,1,1,2018,2018,BPH,not explicit,not explicit,宿主免疫、肽信号与昆虫效应子,30551584
OsRP1L1,作用层级待核验的宿主基因,未报告/不可由文献频次推断,1,1,2018,2018,BPH,not explicit,not explicit,遗传定位、克隆与抗源部署,30363818
OsPLD,作用层级待核验的宿主基因,未报告/不可由文献频次推断,1,1,2017,2017,BPH,not explicit,not explicit,遗传定位、克隆与抗源部署,28245796
OsXIP,作用层级待核验的宿主基因,未报告/不可由文献频次推断,1,1,2017,2017,BPH,not explicit,not explicit,,28270131
OsAMT1,作用层级待核验的宿主基因,未报告/不可由文献频次推断,1,1,2017,2017,BPH,not explicit,not explicit,韧皮部取食界面与结构防御;生长防御权衡与农艺环境,28167952
OsGS1,作用层级待核验的宿主基因,未报告/不可由文献频次推断,1,1,2017,2017,BPH,not explicit,not explicit,韧皮部取食界面与结构防御;生长防御权衡与农艺环境,28167952
OsDCL2b,作用层级待核验的宿主基因,未报告/不可由文献频次推断,1,1,2016,2016,,not explicit,not explicit,,27025496
OsMADS30,作用层级待核验的宿主基因,未报告/不可由文献频次推断,1,1,2016,2016,,not explicit,not explicit,,27025496
OsWRKY53-mediated,作用层级待核验的宿主基因,未报告/不可由文献频次推断,1,1,2016,2016,BPH,not explicit,not explicit,,27031005
OsWRKY45-antisensed,作用层级待核验的宿主基因,未报告/不可由文献频次推断,1,1,2016,2016,BPH,not explicit,not explicit,,27258255
OsHI-XIP,作用层级待核验的宿主基因,未报告/不可由文献频次推断,1,1,2016,2016,BPH,not explicit,not explicit,,27990147
OsActin1,作用层级待核验的宿主基因,未报告/不可由文献频次推断,1,1,2015,2015,BPH,yes,not explicit,遗传定位、克隆与抗源部署,26136269
OsCML15,作用层级待核验的宿主基因,未报告/不可由文献频次推断,1,1,2014,2014,BPH,not explicit,not explicit,遗传定位、克隆与抗源部署,25109872
OsRac1,作用层级待核验的宿主基因,未报告/不可由文献频次推断,1,1,2013,2013,BPH,not explicit,not explicit,激素、氧化还原与信号调控;宿主免疫、肽信号与昆虫效应子,23396040
GNA,其他机制或外源因子,原句含效应量/主微效描述，需回到原文核验,9,6,1998,2022,BPH;WBPH,yes,not explicit,遗传定位、克隆与抗源部署;韧皮部取食界面与结构防御,18854007;24023750;32937908;34908164;35719377;9753773
ASAL,其他机制或外源因子,原句含效应量/主微效描述，需回到原文核验,33,4,2008,2022,BPH;WBPH,yes,yes,遗传定位、克隆与抗源部署;韧皮部取食界面与结构防御;宿主免疫、肽信号与昆虫效应子;病毒-媒介-水稻三方互作,18854007;24023750;29855556;35719377
asal,其他机制或外源因子,未报告/不可由文献频次推断,10,2,2008,2018,BPH;WBPH,yes,yes,遗传定位、克隆与抗源部署;宿主免疫、肽信号与昆虫效应子,18854007;29855556
Nl14,其他机制或外源因子,未报告/不可由文献频次推断,6,1,2025,2025,BPH,not explicit,not explicit,激素、氧化还原与信号调控;宿主免疫、肽信号与昆虫效应子,39853648
JAMYB,其他机制或外源因子,未报告/不可由文献频次推断,2,1,2025,2025,BPH,not explicit,yes,激素、氧化还原与信号调控;生长防御权衡与农艺环境,40169387
NlG14,其他机制或外源因子,未报告/不可由文献频次推断,2,1,2023,2023,BPH,yes,not explicit,宿主免疫、肽信号与昆虫效应子,37011098
gna,其他机制或外源因子,未报告/不可由文献频次推断,2,1,1998,1998,BPH,yes,not explicit,韧皮部取食界面与结构防御,9753773
NkChit2b-1,其他机制或外源因子,未报告/不可由文献频次推断,1,1,2025,2025,BPH,not explicit,not explicit,韧皮部取食界面与结构防御,40257666
Bph80,其他机制或外源因子,未报告/不可由文献频次推断,1,1,2024,2024,BPH,not explicit,yes,生长防御权衡与农艺环境,39452319
Bph43,其他机制或外源因子,未报告/不可由文献频次推断,1,1,2023,2023,BPH,not explicit,not explicit,遗传定位、克隆与抗源部署,38069282
OM64,其他机制或外源因子,未报告/不可由文献频次推断,1,1,2020,2020,BPH,not explicit,not explicit,,32542992
Bph32389B,其他机制或外源因子,原句含效应量/主微效描述，需回到原文核验,1,1,2016,2016,BPH,yes,not explicit,,27876888
Bph32p,其他机制或外源因子,原句含效应量/主微效描述，需回到原文核验,1,1,2016,2016,BPH,yes,not explicit,,27876888
