gene_or_locus,PMID,year,journal,title,sentence_id,sentence_evidence
Bph3,38625904,2024,PloS one,Fine mapping and breeding application of two brown planthopper resistance genes derived from landrace rice.,41134417,"Bph3 from Rathu Heenati, consisting of three lectin receptor kinase genes OsLecRK1-OsLecRK3, is located on the plasma membrane and collaborates to offer extensive and long-lasting insect resistance in rice. qRT-PCR analysis indicated that LOC_Os11g29090 and LOC_Os11g29110 showed significant differences in expression levels between CL48 and KW after BPH treatment."
Bph3,37402009,2023,"Rice (New York, N.Y.)",OsmiR159 Modulate BPH Resistance Through Regulating G-Protein γ Subunit GS3 Gene in Rice.,36398275,"And it would be more ideal if one gene confers broad and durable resistance to more than one biotypes, such as BPH3, which confer resistance through clustering of three genes encoding plasma membrane-localized lectin receptor kinases (Liu et al. ), and BPH6, which localizes to exocysts and interacts with the exocyst subunit OsEXO70E1 and mediates resistance through increasing exocytosis (Guo et al. ).Meanwhile, concentrated studies from recent years revealed that microRNAs (miRNAs) ranged 21-24 nucleotide (nt) have emerged as important regulators in both plant development and physiology and immunity, with great potential meaning on crop improvement (Song et al. ; Tang and Chu)."
Bph3,37752622,2023,Plant biotechnology journal,Broad-spectrum resistance gene RPW8.1 balances immunity and growth via feedback regulation of WRKYs.,37698007,"Bph3, a locus encoding plasma membrane-localized lectin receptor kinases (OsLecRK1-OsLecRK3), enhances resistance to brown planthopper (BPH) and white-backed planthopper in susceptible rice varieties (Liu et al., )."
Bph3,36675314,2023,International journal of molecular sciences,The Bph45 Gene Confers Resistance against Brown Planthopper in Rice by Reducing the Production of Limonene.,33466974,"The cultivation of such varieties will also help to conserve natural enemies, minimize pesticide use, and prevent stronger virulent BPH strains from evolving because of the continuous use of insecticides.Owing to the breakdown of several BPH-resistance genes (Bph1, bph2, Bph3, Bph4, etc. ), used frequently in South-East Asia due to the evolution of virulent BPH biotypes, the identification of new sources of BPH-resistance genes is critical for rice breeding programs."
Bph14,39964588,2025,"Rice (New York, N.Y.)",Jasmonic Acid (JA) Signaling Pathway in Rice Defense Against Chilo suppressalis Infestation.,44255313,"The recognition and analysis of genes such as Bph14, which confers resistance to pests such as the brown planthopper (BPH), highlights the potential of breeding rice varieties that are resistant to pests as a sustainable and efficient method for pest control (Du et al.)."
Bph14,38625904,2024,PloS one,Fine mapping and breeding application of two brown planthopper resistance genes derived from landrace rice.,41134280,"For instance, Hu et al. introduced Bph14 and Bph15 into the rice line Zhenshan97B using MAS technology to enhance its resistance to BPH."
Bph14,37615020,2023,Frontiers in plant science,Transcriptome analysis revealed differentially expressed genes in rice functionally associated with brown planthopper defense in near isogenic lines pyramiding BPH14 and BPH15.,37194131,"Furthermore, BPH15 knock-down makes rice plants more susceptible to BPH and other pathogens.Plants carrying only a single insect-resistance gene have the potential to become susceptible within a timeframe as short as a few years due to the adaptation of associated insect populations."
Bph14,36675314,2023,International journal of molecular sciences,The Bph45 Gene Confers Resistance against Brown Planthopper in Rice by Reducing the Production of Limonene.,33467073,"When limiting the amount of nitrogen fertilizer to meet the concept of ""Green Super Rice"", which aims to reduce the cost and ecological footprint of rice cultivation, Sun et al. found that a Bph14-containing rice line showed higher resistance to BPH-feeding concomitant with reduced emission of volatile terpene compounds including limonene."
Bph1,38625904,2024,PloS one,Fine mapping and breeding application of two brown planthopper resistance genes derived from landrace rice.,41134421,The gradual loss of resistance in rice varieties 'IR26' with Bph1 and 'IR36' with Bph2 was an obvious example.
Bph1,37623248,2023,Current issues in molecular biology,Unveiling Nilaparvata lugens Stål Genes Defining Compatible and Incompatible Interactions with Rice through Transcriptome Analysis and Gene Silencing.,37213544,"For instance, by comparing the salivary gland transcriptomes of two BPH populations maintained on TN1 and Mudgo rice (resistant, contains Bph1 gene), a total of 3757 unigenes were identified to exhibit differential transcript abundance."
Bph1,36675314,2023,International journal of molecular sciences,The Bph45 Gene Confers Resistance against Brown Planthopper in Rice by Reducing the Production of Limonene.,33466974,"The cultivation of such varieties will also help to conserve natural enemies, minimize pesticide use, and prevent stronger virulent BPH strains from evolving because of the continuous use of insecticides.Owing to the breakdown of several BPH-resistance genes (Bph1, bph2, Bph3, Bph4, etc. ), used frequently in South-East Asia due to the evolution of virulent BPH biotypes, the identification of new sources of BPH-resistance genes is critical for rice breeding programs."
Bph1,37404545,2023,Frontiers in plant science,Advances of herbivore-secreted elicitors and effectors in plant-insect interactions.,36406425,"Bph9, a BPH-resistance gene mapped on the long arm of rice chromosome 12 (12L), which is allelic with another seven BPH-resistance genes (Bph1, Bph2, Bph7, Bph10, Bph18, Bph21, and Bph26), encodes an unusual NLR protein that confers resistance to BPH by enhancing SA and JA signaling pathways."
Bph15,38562566,2024,Frontiers in plant science,Combined miRNA and mRNA sequencing reveals the defensive strategies of resistant YHY15 rice against differentially virulent brown planthoppers.,40901550,"However, the precise mechanism by which Bph15 confers resistance to BPH is unknown.Phytohormones are thought to play pivotal roles in the interaction of rice plants and BPH herbivory, including salicylic acid (SA), ethylene (ET), jasmonic acid (JA), cytokinin (CK), brassinosteroid (BR), and abscisic acid (ABA)."
Bph15,38625904,2024,PloS one,Fine mapping and breeding application of two brown planthopper resistance genes derived from landrace rice.,41134280,"For instance, Hu et al. introduced Bph14 and Bph15 into the rice line Zhenshan97B using MAS technology to enhance its resistance to BPH."
Bph15,37615020,2023,Frontiers in plant science,Transcriptome analysis revealed differentially expressed genes in rice functionally associated with brown planthopper defense in near isogenic lines pyramiding BPH14 and BPH15.,37194131,"Furthermore, BPH15 knock-down makes rice plants more susceptible to BPH and other pathogens.Plants carrying only a single insect-resistance gene have the potential to become susceptible within a timeframe as short as a few years due to the adaptation of associated insect populations."
Bph15,38023936,2023,Frontiers in plant science,Knockout of OsWRKY71 impairs Bph15-mediated resistance against brown planthopper in rice.,38782924,"Similar contrasting roles have been observed for another gene, OsWRKY45, in rice pathogens and BPH resistance.Interestingly, the OsWRKY71 gene displayed an early induced expression pattern in Bph15-NIL, while its level of gene expression was comparatively lower than that of the TN1 at 12 and 24 HAI ( Figure 1A )."
Bph2,38625904,2024,PloS one,Fine mapping and breeding application of two brown planthopper resistance genes derived from landrace rice.,41134421,The gradual loss of resistance in rice varieties 'IR26' with Bph1 and 'IR36' with Bph2 was an obvious example.
Bph2,37623248,2023,Current issues in molecular biology,Unveiling Nilaparvata lugens Stål Genes Defining Compatible and Incompatible Interactions with Rice through Transcriptome Analysis and Gene Silencing.,37213427,"For instance, the first two Bph genes, Bph1 and Bph2, were identified in 1970 from Mudgo and ASD7 rice varieties."
Bph2,36675314,2023,International journal of molecular sciences,The Bph45 Gene Confers Resistance against Brown Planthopper in Rice by Reducing the Production of Limonene.,33466974,"The cultivation of such varieties will also help to conserve natural enemies, minimize pesticide use, and prevent stronger virulent BPH strains from evolving because of the continuous use of insecticides.Owing to the breakdown of several BPH-resistance genes (Bph1, bph2, Bph3, Bph4, etc. ), used frequently in South-East Asia due to the evolution of virulent BPH biotypes, the identification of new sources of BPH-resistance genes is critical for rice breeding programs."
Bph2,37404545,2023,Frontiers in plant science,Advances of herbivore-secreted elicitors and effectors in plant-insect interactions.,36406425,"Bph9, a BPH-resistance gene mapped on the long arm of rice chromosome 12 (12L), which is allelic with another seven BPH-resistance genes (Bph1, Bph2, Bph7, Bph10, Bph18, Bph21, and Bph26), encodes an unusual NLR protein that confers resistance to BPH by enhancing SA and JA signaling pathways."
Bph18,36675314,2023,International journal of molecular sciences,The Bph45 Gene Confers Resistance against Brown Planthopper in Rice by Reducing the Production of Limonene.,33467070,"Moreover, surveys of the limonene contents in BPH-resistance gene-introgressed IR24-NILs revealed that several genes including Bph9, Bph17, Bph18, and Bph20 also confer rice with low limonene emission (Figure 8) coupled with low attractiveness to BPH (Figure 9), indicating at least partial similarity in their resistance mechanisms."
Bph18,37623248,2023,Current issues in molecular biology,Unveiling Nilaparvata lugens Stål Genes Defining Compatible and Incompatible Interactions with Rice through Transcriptome Analysis and Gene Silencing.,37213564,"On the other hand, none of the reported Bph genes [Bph13(t), BPH31, Bph6, Bph34Bph3, bph4, bph7, and BPH18(t)] to confer resistance against BPH biotype 4 is mapped to PTB33 rice."
Bph18,37404545,2023,Frontiers in plant science,Advances of herbivore-secreted elicitors and effectors in plant-insect interactions.,36406425,"Bph9, a BPH-resistance gene mapped on the long arm of rice chromosome 12 (12L), which is allelic with another seven BPH-resistance genes (Bph1, Bph2, Bph7, Bph10, Bph18, Bph21, and Bph26), encodes an unusual NLR protein that confers resistance to BPH by enhancing SA and JA signaling pathways."
Bph18,34821791,2021,Insects,"Nitrogenous Fertilizer Reduces Resistance but Enhances Tolerance to the Brown Planthopper in Fast-Growing, Moderately Resistant Rice.",25309778,"The colony had been screened for virulence using several bioassays (i.e., seedbox tests and bionomic tests) and was shown to be virulent against varieties with the Bph1, bph2, bph5, bph7, Bph18, BPH25, and BPH26 genes.Rice seed of each variety was initially planted in plastic trays, with one variety per tray, in moistened paddy soil."
Bph6,37402009,2023,"Rice (New York, N.Y.)",OsmiR159 Modulate BPH Resistance Through Regulating G-Protein γ Subunit GS3 Gene in Rice.,36398275,"And it would be more ideal if one gene confers broad and durable resistance to more than one biotypes, such as BPH3, which confer resistance through clustering of three genes encoding plasma membrane-localized lectin receptor kinases (Liu et al. ), and BPH6, which localizes to exocysts and interacts with the exocyst subunit OsEXO70E1 and mediates resistance through increasing exocytosis (Guo et al. ).Meanwhile, concentrated studies from recent years revealed that microRNAs (miRNAs) ranged 21-24 nucleotide (nt) have emerged as important regulators in both plant development and physiology and immunity, with great potential meaning on crop improvement (Song et al. ; Tang and Chu)."
Bph6,37623248,2023,Current issues in molecular biology,Unveiling Nilaparvata lugens Stål Genes Defining Compatible and Incompatible Interactions with Rice through Transcriptome Analysis and Gene Silencing.,37213564,"On the other hand, none of the reported Bph genes [Bph13(t), BPH31, Bph6, Bph34Bph3, bph4, bph7, and BPH18(t)] to confer resistance against BPH biotype 4 is mapped to PTB33 rice."
Bph6,36675314,2023,International journal of molecular sciences,The Bph45 Gene Confers Resistance against Brown Planthopper in Rice by Reducing the Production of Limonene.,33466981,"Five genes were reported to be on the long arm of chromosome 4: Bph6 from the Bangladesh indica variety Swarnalata (~21.4 Mb), Bph27(t) from the indica variety Balamawee (~21.3 Mb), another Bph27 from Oryza rufipogon Griff. accession no."
Bph6,35119102,2022,The New phytologist,Necessity of rice resistance to planthoppers for OsEXO70H3 regulating SAMSL excretion and lignin deposition in cell walls.,26707068,Current research shows that Bph6 in rice mediates resistance to BPH through multiple signalling pathways.
Bph9,36675314,2023,International journal of molecular sciences,The Bph45 Gene Confers Resistance against Brown Planthopper in Rice by Reducing the Production of Limonene.,33467070,"Moreover, surveys of the limonene contents in BPH-resistance gene-introgressed IR24-NILs revealed that several genes including Bph9, Bph17, Bph18, and Bph20 also confer rice with low limonene emission (Figure 8) coupled with low attractiveness to BPH (Figure 9), indicating at least partial similarity in their resistance mechanisms."
Bph9,37404545,2023,Frontiers in plant science,Advances of herbivore-secreted elicitors and effectors in plant-insect interactions.,36406425,"Bph9, a BPH-resistance gene mapped on the long arm of rice chromosome 12 (12L), which is allelic with another seven BPH-resistance genes (Bph1, Bph2, Bph7, Bph10, Bph18, Bph21, and Bph26), encodes an unusual NLR protein that confers resistance to BPH by enhancing SA and JA signaling pathways."
Bph9,34821791,2021,Insects,"Nitrogenous Fertilizer Reduces Resistance but Enhances Tolerance to the Brown Planthopper in Fast-Growing, Moderately Resistant Rice.",25309764,"As varieties with resistance, we used Swarnalata (Ac. 33964) with the Bph6 gene, Pokkali (Ac. 15602) with the Bph9 gene, ADR52 (Ac. 40638) with the BPH25 and BPH26 genes among other unidentified resistance genes, and IR65482-4-136-2-2 (IRTP 19029) (henceforth IR65482-4), a line with the Bph10 gene introgressed from Oryza australiensis:a wild rice species from Australia."
Bph9,30888525,2019,"Rice (New York, N.Y.)","Identification of spontaneous mutation for broad-spectrum brown planthopper resistance in a large, long-term fast neutron mutagenized rice population.",13933880,"Nucleotide sequences of the genes from mutant and the predicted amino acid sequences of rice lines were compared using Clustal Omega (https://www.ebi.ac.uk/Tools/msa/clustalo/).Nucleotide sequences of known BPH resistance genes (BPH14, BPH29, BPH18, BPH26, and BPH9) from different BPH resistant rice cultivars were compared with the genomic sequence of rice cultivar Nipponbare to identify SNPs."
Bph26,37404545,2023,Frontiers in plant science,Advances of herbivore-secreted elicitors and effectors in plant-insect interactions.,36406425,"Bph9, a BPH-resistance gene mapped on the long arm of rice chromosome 12 (12L), which is allelic with another seven BPH-resistance genes (Bph1, Bph2, Bph7, Bph10, Bph18, Bph21, and Bph26), encodes an unusual NLR protein that confers resistance to BPH by enhancing SA and JA signaling pathways."
Bph26,34821791,2021,Insects,"Nitrogenous Fertilizer Reduces Resistance but Enhances Tolerance to the Brown Planthopper in Fast-Growing, Moderately Resistant Rice.",25309778,"The colony had been screened for virulence using several bioassays (i.e., seedbox tests and bionomic tests) and was shown to be virulent against varieties with the Bph1, bph2, bph5, bph7, Bph18, BPH25, and BPH26 genes.Rice seed of each variety was initially planted in plastic trays, with one variety per tray, in moistened paddy soil."
Bph26,30888525,2019,"Rice (New York, N.Y.)","Identification of spontaneous mutation for broad-spectrum brown planthopper resistance in a large, long-term fast neutron mutagenized rice population.",13933880,"Nucleotide sequences of the genes from mutant and the predicted amino acid sequences of rice lines were compared using Clustal Omega (https://www.ebi.ac.uk/Tools/msa/clustalo/).Nucleotide sequences of known BPH resistance genes (BPH14, BPH29, BPH18, BPH26, and BPH9) from different BPH resistant rice cultivars were compared with the genomic sequence of rice cultivar Nipponbare to identify SNPs."
Bph26,30734457,2019,Plant biotechnology journal,The OsmiR396-OsGRF8-OsF3H-flavonoid pathway mediates resistance to the brown planthopper in rice (Oryza sativa).,13639501,"In the past decade, great efforts have been made to identify plant endogenous resistance genes to BPH from different rice germplasms, and eight of them, Bph14, Bph26, Bph3, Bph18, Bph29, BPH9, BPH32 and BPH6, have been successfully cloned (Du et al., 2009; Guo et al., 2018; Ji et al., 2016; Liu et al., 2015; Ren et al., 2016; Tamura et al., 2014; Wang et al., 2015; Zhao et al., 2016)."
Bph32,38069282,2023,International journal of molecular sciences,Recent Advances in the Genetic and Biochemical Mechanisms of Rice Resistance to Brown Planthoppers (Nilaparvata lugens Stål).,38967411,"Bph32 encodes a protein with an SCR domain, and this protein confers resistance to BPHs by antibiosis.The host of BPHs started shifting from Leersia to rice approximately 0.25 million years ago."
Bph32,32937908,2020,"Plants (Basel, Switzerland)",Recent Strategies for Detection and Improvement of Brown Planthopper Resistance Genes in Rice: A Review.,19083044,"In another investigation, Ren et al. reported that transgenic incorporation of Bph32 into a BPH-sensitive rice variety considerably enhances resistance to BPH."
Bph32,30734457,2019,Plant biotechnology journal,The OsmiR396-OsGRF8-OsF3H-flavonoid pathway mediates resistance to the brown planthopper in rice (Oryza sativa).,13639501,"In the past decade, great efforts have been made to identify plant endogenous resistance genes to BPH from different rice germplasms, and eight of them, Bph14, Bph26, Bph3, Bph18, Bph29, BPH9, BPH32 and BPH6, have been successfully cloned (Du et al., 2009; Guo et al., 2018; Ji et al., 2016; Liu et al., 2015; Ren et al., 2016; Tamura et al., 2014; Wang et al., 2015; Zhao et al., 2016)."
Bph32,30888525,2019,"Rice (New York, N.Y.)","Identification of spontaneous mutation for broad-spectrum brown planthopper resistance in a large, long-term fast neutron mutagenized rice population.",13933699,"Furthermore, the mutant line JHN4 was identified as a promising new BPH resistance donor for pyramiding genes to obtain broad-spectrum BPH resistance in rice.To determine whether BPH32 imparts BPH resistance in the JHN mutant population, the SNP in BPH32 was used for reverse screening 9323 randomly selected mutant lines in the M6 generation."
Bph29,38625904,2024,PloS one,Fine mapping and breeding application of two brown planthopper resistance genes derived from landrace rice.,41134284,"(2019) introduced four BPH resistance genes, Bph36, Bph27(t), bph29, and Bph3, into rice lines BR1658 and BR1660 using MAS technology and obtained high-resistance lines.In the present study, we aimed to explore the resistance characteristics and map the BPH resistance genes of two highly resistant landrace rice accessions, CL45 and CL48."
Bph29,32040676,2020,TAG. Theoretical and applied genetics. Theoretische und angewandte Genetik,Fine mapping and gene cloning in the post-NGS era: advances and prospects.,16763143,"In another study, using map-based cloning approach, Wang et al. demonstrated map-based cloning of BPH29 gene, a B3 domain-containing recessive gene conferring brown planthopper resistance in rice."
Bph29,30888525,2019,"Rice (New York, N.Y.)","Identification of spontaneous mutation for broad-spectrum brown planthopper resistance in a large, long-term fast neutron mutagenized rice population.",13933880,"Nucleotide sequences of the genes from mutant and the predicted amino acid sequences of rice lines were compared using Clustal Omega (https://www.ebi.ac.uk/Tools/msa/clustalo/).Nucleotide sequences of known BPH resistance genes (BPH14, BPH29, BPH18, BPH26, and BPH9) from different BPH resistant rice cultivars were compared with the genomic sequence of rice cultivar Nipponbare to identify SNPs."
Bph29,30734457,2019,Plant biotechnology journal,The OsmiR396-OsGRF8-OsF3H-flavonoid pathway mediates resistance to the brown planthopper in rice (Oryza sativa).,13639501,"In the past decade, great efforts have been made to identify plant endogenous resistance genes to BPH from different rice germplasms, and eight of them, Bph14, Bph26, Bph3, Bph18, Bph29, BPH9, BPH32 and BPH6, have been successfully cloned (Du et al., 2009; Guo et al., 2018; Ji et al., 2016; Liu et al., 2015; Ren et al., 2016; Tamura et al., 2014; Wang et al., 2015; Zhao et al., 2016)."
Bph17,36675314,2023,International journal of molecular sciences,The Bph45 Gene Confers Resistance against Brown Planthopper in Rice by Reducing the Production of Limonene.,33467070,"Moreover, surveys of the limonene contents in BPH-resistance gene-introgressed IR24-NILs revealed that several genes including Bph9, Bph17, Bph18, and Bph20 also confer rice with low limonene emission (Figure 8) coupled with low attractiveness to BPH (Figure 9), indicating at least partial similarity in their resistance mechanisms."
Bph17,27876888,2016,Scientific reports,"Bph32, a novel gene encoding an unknown SCR domain-containing protein, confers resistance against the brown planthopper in rice.",8567079,"Although a major BPH resistance gene, tentatively referred to as Bph17, was identified from the rice variety Rathu Heenati on chromosome 4, the gene that was thereafter named Bph3, was cloned by Yuqiang Liu et al.."
Bph17,39555011,2024,Breeding science,Substitution mapping and characterization of brown planthopper resistance genes from traditional rice cultivar 'Rathu Heenati' (Oryza sativa L.).,43065305,"Therefore, our focus was on the BPH3 and BPH17 to identify markers that co-segregating with BPH resistance genes through substitution mapping and the co-segregating markers could facilitate MAS in rice breeding in Japan.The region of BPH3 on short arm of chromosome 6 was clustered with other genes: BPH4, BPH25, BPH29 and BPH32. reported that the resistant level of Saga-BPH3 was higher than Saga-BPH32 in most resistant tests."
Bph17,38246245,2024,Journal of advanced research,Alanine metabolism mediates energy allocation of the brown planthopper to adapt to resistant rice.,39713128,"Therefore, we examined four additional rice cultivars, namely Mudgo containing Bph1 , ASD7 carrying QTL on chromosome 6 and bph2 , R476 containing Bph15 , and Rathu Heenati (RH) containing Bph3, Bph14 and Bph17 ."
Bph4,36675314,2023,International journal of molecular sciences,The Bph45 Gene Confers Resistance against Brown Planthopper in Rice by Reducing the Production of Limonene.,33466974,"The cultivation of such varieties will also help to conserve natural enemies, minimize pesticide use, and prevent stronger virulent BPH strains from evolving because of the continuous use of insecticides.Owing to the breakdown of several BPH-resistance genes (Bph1, bph2, Bph3, Bph4, etc. ), used frequently in South-East Asia due to the evolution of virulent BPH biotypes, the identification of new sources of BPH-resistance genes is critical for rice breeding programs."
Bph4,37623248,2023,Current issues in molecular biology,Unveiling Nilaparvata lugens Stål Genes Defining Compatible and Incompatible Interactions with Rice through Transcriptome Analysis and Gene Silencing.,37213564,"On the other hand, none of the reported Bph genes [Bph13(t), BPH31, Bph6, Bph34Bph3, bph4, bph7, and BPH18(t)] to confer resistance against BPH biotype 4 is mapped to PTB33 rice."
Bph4,27876888,2016,Scientific reports,"Bph32, a novel gene encoding an unknown SCR domain-containing protein, confers resistance against the brown planthopper in rice.",8567076,"The Bph3 gene has primarily been reported to be either allelic or tightly linked to another BPH resistance gene, bph4, in the rice variety Babawee."
Bph4,40303855,2025,Frontiers in plant science,Role of carbohydrate-active enzymes in brown planthopper virulence and adaptability.,45080462,"Six indica rice varieties were used in this study, including one susceptible variety, TN1, and five resistant varieties carrying different BPH-resistance genes: Mudgo (Bbp1), IR42 (bph2), IR56, RHT (Bph3), and Babawee (bph4)."
Bph25,34821791,2021,Insects,"Nitrogenous Fertilizer Reduces Resistance but Enhances Tolerance to the Brown Planthopper in Fast-Growing, Moderately Resistant Rice.",25309778,"The colony had been screened for virulence using several bioassays (i.e., seedbox tests and bionomic tests) and was shown to be virulent against varieties with the Bph1, bph2, bph5, bph7, Bph18, BPH25, and BPH26 genes.Rice seed of each variety was initially planted in plastic trays, with one variety per tray, in moistened paddy soil."
Bph25,27876888,2016,Scientific reports,"Bph32, a novel gene encoding an unknown SCR domain-containing protein, confers resistance against the brown planthopper in rice.",8567136,"These results demonstrate that Bph32 is a stable and dominant BPH resistance gene and is functional in conferring BPH resistance (Table S3 and S4, Fig. 6a and b).To date, some BPH resistance genes and a BPH quantitative resistance locus (QRL) have been found on the short arm of rice chromosome 6: Bph3, bph4, BPH25 (bph20(t)) and qBPH(t)."
Bph25,25076167,2014,Scientific reports,Map-based cloning and characterization of a brown planthopper resistance gene BPH26 from Oryza sativa L. ssp. indica cultivar ADR52.,4842893,"The indica rice cultivar ADR52 carries two BPH resistance genes, BPH26 (BROWN PLANTHOPPER RESISTANCE 26) and BPH25."
Bph25,39555011,2024,Breeding science,Substitution mapping and characterization of brown planthopper resistance genes from traditional rice cultivar 'Rathu Heenati' (Oryza sativa L.).,43065305,"Therefore, our focus was on the BPH3 and BPH17 to identify markers that co-segregating with BPH resistance genes through substitution mapping and the co-segregating markers could facilitate MAS in rice breeding in Japan.The region of BPH3 on short arm of chromosome 6 was clustered with other genes: BPH4, BPH25, BPH29 and BPH32. reported that the resistant level of Saga-BPH3 was higher than Saga-BPH32 in most resistant tests."
Bph20,36675314,2023,International journal of molecular sciences,The Bph45 Gene Confers Resistance against Brown Planthopper in Rice by Reducing the Production of Limonene.,33467070,"Moreover, surveys of the limonene contents in BPH-resistance gene-introgressed IR24-NILs revealed that several genes including Bph9, Bph17, Bph18, and Bph20 also confer rice with low limonene emission (Figure 8) coupled with low attractiveness to BPH (Figure 9), indicating at least partial similarity in their resistance mechanisms."
Bph20,30291462,2018,"Rice (New York, N.Y.)","Identification and fine mapping of Bph33, a new brown planthopper resistance gene in rice (Oryza sativa L.).",12659065,"As single-gene resistance is easily lost due to the evolution of new BPH biotypes, it is urgent to explore and identify new BPH resistance genes.In this study, using F2:3 populations and near-isogenic lines (NILs) derived from crosses between two BPH-resistant Sri Lankan rice cultivars (KOLAYAL and POLIYAL) and a BPH-susceptible cultivar 9311, a new resistance gene Bph33 was fine mapped to a 60-kb region ranging 0.91-0.97 Mb on the short arm of chromosome 4 (4S), which was at least 4 Mb distant from those genes/QTLs (Bph12, Bph15, Bph3, Bph20, QBph4 and QBph4.2) reported before."
Bph20,27876888,2016,Scientific reports,"Bph32, a novel gene encoding an unknown SCR domain-containing protein, confers resistance against the brown planthopper in rice.",8567136,"These results demonstrate that Bph32 is a stable and dominant BPH resistance gene and is functional in conferring BPH resistance (Table S3 and S4, Fig. 6a and b).To date, some BPH resistance genes and a BPH quantitative resistance locus (QRL) have been found on the short arm of rice chromosome 6: Bph3, bph4, BPH25 (bph20(t)) and qBPH(t)."
Bph20,26136269,2015,Journal of experimental botany,"Map-based cloning and characterization of BPH29, a B3 domain-containing recessive gene conferring brown planthopper resistance in rice.",6144785,"To avoid confusion, the gene names BPH29 and BPH30 are proposed as replacements for bph20(t) and bph21(t), respectively, in accordance with the new CGSNL nomenclature system for rice.In this study, it was sought to fine-map further and clone BPH29 using a map-based cloning approach."
Bph21,37404545,2023,Frontiers in plant science,Advances of herbivore-secreted elicitors and effectors in plant-insect interactions.,36406425,"Bph9, a BPH-resistance gene mapped on the long arm of rice chromosome 12 (12L), which is allelic with another seven BPH-resistance genes (Bph1, Bph2, Bph7, Bph10, Bph18, Bph21, and Bph26), encodes an unusual NLR protein that confers resistance to BPH by enhancing SA and JA signaling pathways."
Bph21,26136269,2015,Journal of experimental botany,"Map-based cloning and characterization of BPH29, a B3 domain-containing recessive gene conferring brown planthopper resistance in rice.",6144785,"To avoid confusion, the gene names BPH29 and BPH30 are proposed as replacements for bph20(t) and bph21(t), respectively, in accordance with the new CGSNL nomenclature system for rice.In this study, it was sought to fine-map further and clone BPH29 using a map-based cloning approach."
Bph21,25076167,2014,Scientific reports,Map-based cloning and characterization of a brown planthopper resistance gene BPH26 from Oryza sativa L. ssp. indica cultivar ADR52.,4842918,"Bph1, bph2, Bph9, and BPH26 were found in O. sativa L. varieties; Bph10, in O. australiensis and O. officinalis; Bph18(t), in O. australiensis; and Bph21(t), in O. minuta."
Bph21,39062703,2024,Genes,Examination of the Expression Profile of Resistance Genes in Yuanjiang Common Wild Rice (Oryza rufipogon).,42233668,"Most of the known rice planthopper resistance genes are also NLR genes, such as Bph14, Bph26, Bph1 and Bph2, Bph7, Bph9, Bph10, Bph18, Bph21 and Bph26 allelic, encoding the CC-NBS-LRR protein."
Bph10,37404545,2023,Frontiers in plant science,Advances of herbivore-secreted elicitors and effectors in plant-insect interactions.,36406425,"Bph9, a BPH-resistance gene mapped on the long arm of rice chromosome 12 (12L), which is allelic with another seven BPH-resistance genes (Bph1, Bph2, Bph7, Bph10, Bph18, Bph21, and Bph26), encodes an unusual NLR protein that confers resistance to BPH by enhancing SA and JA signaling pathways."
Bph10,34821791,2021,Insects,"Nitrogenous Fertilizer Reduces Resistance but Enhances Tolerance to the Brown Planthopper in Fast-Growing, Moderately Resistant Rice.",25309764,"As varieties with resistance, we used Swarnalata (Ac. 33964) with the Bph6 gene, Pokkali (Ac. 15602) with the Bph9 gene, ADR52 (Ac. 40638) with the BPH25 and BPH26 genes among other unidentified resistance genes, and IR65482-4-136-2-2 (IRTP 19029) (henceforth IR65482-4), a line with the Bph10 gene introgressed from Oryza australiensis:a wild rice species from Australia."
Bph10,25076167,2014,Scientific reports,Map-based cloning and characterization of a brown planthopper resistance gene BPH26 from Oryza sativa L. ssp. indica cultivar ADR52.,4842918,"Bph1, bph2, Bph9, and BPH26 were found in O. sativa L. varieties; Bph10, in O. australiensis and O. officinalis; Bph18(t), in O. australiensis; and Bph21(t), in O. minuta."
Bph10,39062703,2024,Genes,Examination of the Expression Profile of Resistance Genes in Yuanjiang Common Wild Rice (Oryza rufipogon).,42233668,"Most of the known rice planthopper resistance genes are also NLR genes, such as Bph14, Bph26, Bph1 and Bph2, Bph7, Bph9, Bph10, Bph18, Bph21 and Bph26 allelic, encoding the CC-NBS-LRR protein."
Bph30,36952539,2023,Plant biotechnology journal,"Poaceae-specific β-1,3;1,4-d-glucans link jasmonate signalling to OsLecRK1-mediated defence response during rice-brown planthopper interactions.",34624200,"Like Bph30, the OsCslF6-overexpressing lines are also resistant to WBPH (Figure 2a), indicating that fortifying the sclerenchyma or vascular bundle cells produces broad-spectrum pest resistance in rice.Insect feeding or pathogen infection disrupts cell wall integrity; this mechanical damage is perceived by the plasma membrane-localized pattern-recognition receptors (PRRs; Reymond, )."
Bph30,34246801,2021,Molecular plant,Bph30 confers resistance to brown planthopper by fortifying sclerenchyma in rice leaf sheaths.,23325066,We identified Bph30 as a rice BPH resistance gene that prevents BPH stylets from reaching the phloem due to the fortified sclerenchyma.
Bph30,26136269,2015,Journal of experimental botany,"Map-based cloning and characterization of BPH29, a B3 domain-containing recessive gene conferring brown planthopper resistance in rice.",6144785,"To avoid confusion, the gene names BPH29 and BPH30 are proposed as replacements for bph20(t) and bph21(t), respectively, in accordance with the new CGSNL nomenclature system for rice.In this study, it was sought to fine-map further and clone BPH29 using a map-based cloning approach."
Bph30,38520013,2024,BMC biology,OsmiR319-OsPCF5 modulate resistance to brown planthopper in rice through association with MYB proteins.,40704624,"Therefore, several BPH resistance genes with broad-spectrum resistance have been cloned in recent years, with different mechanisms, such as the clustering of three lectin receptor kinase genes by BPH3, the allelic diversity of BPH9/1/7/10/21, and the fortification of sclerenchyma tissue and cell walls by BPH30.MicroRNAs (miRNAs) are important regulators useful for crop improvement and protection against different adverse environmental factors."
Bph27,38625904,2024,PloS one,Fine mapping and breeding application of two brown planthopper resistance genes derived from landrace rice.,41134284,"(2019) introduced four BPH resistance genes, Bph36, Bph27(t), bph29, and Bph3, into rice lines BR1658 and BR1660 using MAS technology and obtained high-resistance lines.In the present study, we aimed to explore the resistance characteristics and map the BPH resistance genes of two highly resistant landrace rice accessions, CL45 and CL48."
Bph27,36675314,2023,International journal of molecular sciences,The Bph45 Gene Confers Resistance against Brown Planthopper in Rice by Reducing the Production of Limonene.,33466981,"Five genes were reported to be on the long arm of chromosome 4: Bph6 from the Bangladesh indica variety Swarnalata (~21.4 Mb), Bph27(t) from the indica variety Balamawee (~21.3 Mb), another Bph27 from Oryza rufipogon Griff. accession no."
Bph27,31165331,2019,"Rice (New York, N.Y.)",High-resolution mapping and breeding application of a novel brown planthopper resistance gene derived from wild rice (Oryza. rufipogon Griff).,14518140,"Moreover, Bph36 pyramided with Bph3, Bph27, and Bph29 through MAS into elite cultivars 9311 and MH511 (harbored Xa23), creating different background breeding lines that also exhibited strong resistance to BPH in the seedling or tillering stage.Bph36 can be utilized in BPH resistance breeding programs to develop high resistant rice lines and the high-resolution fine mapping will facilitate further map-based cloning and marker-assisted gene pyramiding of resistant gene."
Bph27,23001338,2013,TAG. Theoretical and applied genetics. Theoretische und angewandte Genetik,"Fine mapping and characterization of BPH27, a brown planthopper resistance gene from wild rice (Oryza rufipogon Griff.).",2759331,"Fine mapping and characterization of BPH27, a brown planthopper resistance gene from wild rice (Oryza rufipogon Griff.)."
Bph7,37623248,2023,Current issues in molecular biology,Unveiling Nilaparvata lugens Stål Genes Defining Compatible and Incompatible Interactions with Rice through Transcriptome Analysis and Gene Silencing.,37213564,"On the other hand, none of the reported Bph genes [Bph13(t), BPH31, Bph6, Bph34Bph3, bph4, bph7, and BPH18(t)] to confer resistance against BPH biotype 4 is mapped to PTB33 rice."
Bph7,37404545,2023,Frontiers in plant science,Advances of herbivore-secreted elicitors and effectors in plant-insect interactions.,36406425,"Bph9, a BPH-resistance gene mapped on the long arm of rice chromosome 12 (12L), which is allelic with another seven BPH-resistance genes (Bph1, Bph2, Bph7, Bph10, Bph18, Bph21, and Bph26), encodes an unusual NLR protein that confers resistance to BPH by enhancing SA and JA signaling pathways."
Bph7,35267056,2022,TAG. Theoretical and applied genetics. Theoretische und angewandte Genetik,"Molecular mechanisms, genetic mapping, and genome editing for insect pest resistance in field crops.",27282276,The gene mapping of Bph7 can be utilized for map-based cloning and eventually in development of BPH-resistant lines in rice (Jaganathan et al.).
Bph7,34821791,2021,Insects,"Nitrogenous Fertilizer Reduces Resistance but Enhances Tolerance to the Brown Planthopper in Fast-Growing, Moderately Resistant Rice.",25309778,"The colony had been screened for virulence using several bioassays (i.e., seedbox tests and bionomic tests) and was shown to be virulent against varieties with the Bph1, bph2, bph5, bph7, Bph18, BPH25, and BPH26 genes.Rice seed of each variety was initially planted in plastic trays, with one variety per tray, in moistened paddy soil."
Bph12,30291462,2018,"Rice (New York, N.Y.)","Identification and fine mapping of Bph33, a new brown planthopper resistance gene in rice (Oryza sativa L.).",12659065,"As single-gene resistance is easily lost due to the evolution of new BPH biotypes, it is urgent to explore and identify new BPH resistance genes.In this study, using F2:3 populations and near-isogenic lines (NILs) derived from crosses between two BPH-resistant Sri Lankan rice cultivars (KOLAYAL and POLIYAL) and a BPH-susceptible cultivar 9311, a new resistance gene Bph33 was fine mapped to a 60-kb region ranging 0.91-0.97 Mb on the short arm of chromosome 4 (4S), which was at least 4 Mb distant from those genes/QTLs (Bph12, Bph15, Bph3, Bph20, QBph4 and QBph4.2) reported before."
Bph12,38106508,2023,Breeding science,Development and characterization of near-isogenic lines for brown planthopper resistance genes in the genetic background of japonica rice 'Sagabiyori'.,39067949,"At least 16 NILs with BPH resistance genes (BPH3, BPH4, BPH6, BPH9, BPH10, BPH12, BPH14, BPH15, BPH17, BPH18, BPH20, BPH21, BPH25, BPH26, BPH30, and BPH32) have been developed in the genetic backgrounds of several susceptible indica and japonica cultivars."
Bph12,38069282,2023,International journal of molecular sciences,Recent Advances in the Genetic and Biochemical Mechanisms of Rice Resistance to Brown Planthoppers (Nilaparvata lugens Stål).,38967340,"Among these 49 genes/QTLs, 33 (Bph37 from IR64; Bph38(t), Bph33(t), bph19, Bph31, Bph44(t), qBph4.3, Bph33, Bph30, Bph41, Bph40, qBph4.1, Bph3, and qBph4.2 from IR65482-17, qBph4.4, Bph17, and qBph4.2 from Rathu Heenati; Bph27(t), Bph6, Bph44, Bph42, Bph25, and Bph37 from SE382; Bph32, bph4, Bph43, Bph28(t), bph2, bph7, and Bph9 from Kaharamana; and Bph1, Bph26, and Bph9 from Pokkali) were derived from traditional cultivated rice species; the rest were derived from wild rice varieties, including Bph13(t), bph11, qBph3, Bph14, qBph4, and Bph15 from O. officinalis; Bph12 from O. latifolia; Bph35, Bph36, Bph27, and bph29 from O. rufipogon; Bph21 and Bph20(t) from O. minuta; Bph34 from O. nivara; and Bph18 and Bph10 from O. australiensis (Table 1)."
Bph12,37731986,2023,Frontiers in plant science,Available cloned genes and markers for genetic improvement of biotic stress resistance in rice.,37646119,"In addition, pyramiding effects of two to three BPH gene combinations such as BPH14 + BPH15, BPH6 + BPH12, and BPH13 + BPH14 + BPH15 were observed in different backgrounds or breeding programs.A handful of genetic factors governing resistance against planthoppers, including small brown planthopper (SBPH: Laodelphax striatellus), white-backed planthopper (WBPH: Sogatella furcifera), green leafhopper (GLH: Nephotettix virescens), and green rice leafhopper (GRH: Nephotettix cincticeps), have been identified from diverse germplasms and are well summarized in a few review papers."
Bph19,16395578,2006,Molecular genetics and genomics : MGG,Genetic analysis and fine mapping of a rice brown planthopper (Nilaparvata lugens Stål) resistance gene bph19(t).,367315,"Genetic analysis and fine mapping of a resistance gene against brown planthopper (BPH) biotype 2 in rice was performed using two F(2) populations derived from two crosses between a resistant indica cultivar (cv. ), AS20-1, and two susceptible japonica cvs., Aichi Asahi and Lijiangxintuanheigu."
Bph19,39452319,2024,Insects,RNAseq-Based Carboxylesterase Nl-EST1 Gene Expression Plasticity Identification and Its Potential Involvement in Fenobucarb Resistance in the Brown Planthopper Nilaparvata lugens.,42834239,"Then, protein sequences classified into strain-specific clusters were subjected to GO analysis to evaluate strain-specific biological roles.The rice seedling dip method-based bioassays demonstrated significant variations in susceptibility to the carbamate insecticide fenobucarb among the susceptible strain (BPH80) and field strains (BPH15 and BPH19)."
Bph19,38069282,2023,International journal of molecular sciences,Recent Advances in the Genetic and Biochemical Mechanisms of Rice Resistance to Brown Planthoppers (Nilaparvata lugens Stål).,38967340,"Among these 49 genes/QTLs, 33 (Bph37 from IR64; Bph38(t), Bph33(t), bph19, Bph31, Bph44(t), qBph4.3, Bph33, Bph30, Bph41, Bph40, qBph4.1, Bph3, and qBph4.2 from IR65482-17, qBph4.4, Bph17, and qBph4.2 from Rathu Heenati; Bph27(t), Bph6, Bph44, Bph42, Bph25, and Bph37 from SE382; Bph32, bph4, Bph43, Bph28(t), bph2, bph7, and Bph9 from Kaharamana; and Bph1, Bph26, and Bph9 from Pokkali) were derived from traditional cultivated rice species; the rest were derived from wild rice varieties, including Bph13(t), bph11, qBph3, Bph14, qBph4, and Bph15 from O. officinalis; Bph12 from O. latifolia; Bph35, Bph36, Bph27, and bph29 from O. rufipogon; Bph21 and Bph20(t) from O. minuta; Bph34 from O. nivara; and Bph18 and Bph10 from O. australiensis (Table 1)."
Bph19,35910769,2022,PeerJ,Genome-wide identification of long non-coding (lncRNA) in Nilaparvata lugens's adaptability to resistant rice.,29862974,"In 40, 20 genes (Bph1-9, Bph17, Bph19, Bph25-26, Bph28, Bph30-33, and Bph37-38) have been identified in indica varieties, whereas the other 20 genes (Bph10-16, Bph18, Bph20-24, Bph27, bph29, Bph34-36, and bph39-40) are from wild species of rice."
Bph36,38625904,2024,PloS one,Fine mapping and breeding application of two brown planthopper resistance genes derived from landrace rice.,41134284,"(2019) introduced four BPH resistance genes, Bph36, Bph27(t), bph29, and Bph3, into rice lines BR1658 and BR1660 using MAS technology and obtained high-resistance lines.In the present study, we aimed to explore the resistance characteristics and map the BPH resistance genes of two highly resistant landrace rice accessions, CL45 and CL48."
Bph36,31165331,2019,"Rice (New York, N.Y.)",High-resolution mapping and breeding application of a novel brown planthopper resistance gene derived from wild rice (Oryza. rufipogon Griff).,14518140,"Moreover, Bph36 pyramided with Bph3, Bph27, and Bph29 through MAS into elite cultivars 9311 and MH511 (harbored Xa23), creating different background breeding lines that also exhibited strong resistance to BPH in the seedling or tillering stage.Bph36 can be utilized in BPH resistance breeding programs to develop high resistant rice lines and the high-resolution fine mapping will facilitate further map-based cloning and marker-assisted gene pyramiding of resistant gene."
Bph36,36874914,2023,Frontiers in plant science,Comparative transcriptome-wide identification and differential expression of genes and lncRNAs in rice near-isogenic line (KW-Bph36-NIL) in response to BPH feeding.,34341016,These results indicated that rice activated the ethylene signaling pathway to resist the invasion of BPH.
Bph36,38069282,2023,International journal of molecular sciences,Recent Advances in the Genetic and Biochemical Mechanisms of Rice Resistance to Brown Planthoppers (Nilaparvata lugens Stål).,38967340,"Among these 49 genes/QTLs, 33 (Bph37 from IR64; Bph38(t), Bph33(t), bph19, Bph31, Bph44(t), qBph4.3, Bph33, Bph30, Bph41, Bph40, qBph4.1, Bph3, and qBph4.2 from IR65482-17, qBph4.4, Bph17, and qBph4.2 from Rathu Heenati; Bph27(t), Bph6, Bph44, Bph42, Bph25, and Bph37 from SE382; Bph32, bph4, Bph43, Bph28(t), bph2, bph7, and Bph9 from Kaharamana; and Bph1, Bph26, and Bph9 from Pokkali) were derived from traditional cultivated rice species; the rest were derived from wild rice varieties, including Bph13(t), bph11, qBph3, Bph14, qBph4, and Bph15 from O. officinalis; Bph12 from O. latifolia; Bph35, Bph36, Bph27, and bph29 from O. rufipogon; Bph21 and Bph20(t) from O. minuta; Bph34 from O. nivara; and Bph18 and Bph10 from O. australiensis (Table 1)."
Bph37,37569437,2023,International journal of molecular sciences,Recent Advances in Molecular Mechanism and Breeding Utilization of Brown Planthopper Resistance Genes in Rice: An Integrated Review.,37029235,"The molecular mechanism responsible for Bph37-mediated insect resistance is still unknown, but the distinctive CC-NB structural arrangement suggests that the CC and NB domains may play separate roles in BPH resistance.Bph6 is a broad-spectrum BPH-resistant gene derived from the cultivated rice variety Swarnalata, located on the long arm of chromosome 4."
Bph37,37404545,2023,Frontiers in plant science,Advances of herbivore-secreted elicitors and effectors in plant-insect interactions.,36406422,"To date, a total of 17 genes conferring resistance to BPH (Bph1, Bph2, Bph3, Bph6, Bph7, Bph9, Bph10, Bph14, Bph15, Bph18, Bph21, Bph26, bph29, Bph30, Bph32, Bph37, Bph40) have been cloned and characterized in rice plants, which has shed a light on the molecular basis of plant-insect interactions."
Bph37,37615020,2023,Frontiers in plant science,Transcriptome analysis revealed differentially expressed genes in rice functionally associated with brown planthopper defense in near isogenic lines pyramiding BPH14 and BPH15.,37194125,"So far, 17 BPH resistance genes (BPH37, BPH40, BPH30, BPH6, BPH32, BPH18, BPH21, BPH10, BPH7, BPH1, BPH9, BPH29, BPH3, BPH26, BPH2, BPH15, and BPH14) have been successfully cloned in rice."
Bph37,38069282,2023,International journal of molecular sciences,Recent Advances in the Genetic and Biochemical Mechanisms of Rice Resistance to Brown Planthoppers (Nilaparvata lugens Stål).,38967383,"The isolation of Bph37 and studies of the domains of BPH14 and BPH9 suggest that the functions of the CC, NB, and LRR domains in BPH-resistance proteins may vary.Recently, the novel BPH-resistance gene Bph30, which encodes an LRD protein, was cloned from the cultivated rice variety AC-1613, and it was mainly expressed in the sclerenchyma cells of the rice leaf sheath."
Bph34,36675314,2023,International journal of molecular sciences,The Bph45 Gene Confers Resistance against Brown Planthopper in Rice by Reducing the Production of Limonene.,33466986,"Moreover, the gene source is O. nivara, a wild rice species from which no BPH resistance genes have ever been identified except for Bph34."
Bph34,38069282,2023,International journal of molecular sciences,Recent Advances in the Genetic and Biochemical Mechanisms of Rice Resistance to Brown Planthoppers (Nilaparvata lugens Stål).,38967340,"Among these 49 genes/QTLs, 33 (Bph37 from IR64; Bph38(t), Bph33(t), bph19, Bph31, Bph44(t), qBph4.3, Bph33, Bph30, Bph41, Bph40, qBph4.1, Bph3, and qBph4.2 from IR65482-17, qBph4.4, Bph17, and qBph4.2 from Rathu Heenati; Bph27(t), Bph6, Bph44, Bph42, Bph25, and Bph37 from SE382; Bph32, bph4, Bph43, Bph28(t), bph2, bph7, and Bph9 from Kaharamana; and Bph1, Bph26, and Bph9 from Pokkali) were derived from traditional cultivated rice species; the rest were derived from wild rice varieties, including Bph13(t), bph11, qBph3, Bph14, qBph4, and Bph15 from O. officinalis; Bph12 from O. latifolia; Bph35, Bph36, Bph27, and bph29 from O. rufipogon; Bph21 and Bph20(t) from O. minuta; Bph34 from O. nivara; and Bph18 and Bph10 from O. australiensis (Table 1)."
Bph34,35845644,2022,Frontiers in plant science,Interspecific Hybridization Is an Important Driving Force for Origin and Diversification of Asian Cultivated Rice Oryza sativa L.,29524622,"For brown plant hopper (BPH) resistance, qBph3 and qBph4 from O. officinalis, Bph34 from O. nivara, and Bph27, Bph35, and Bph36 from O. rufipogon were identified.Some elite cultivars, such as Yundao1 [(IRGC102203 (O. glaberrima)/Boro5//Dianxi1///Hongza135], Yunlu142 [Yundao1/Acc.104613(O. barthii)//Yundao1/3/Yundao1] were bred via interspecific hybridization and released at Yunnan Academy of Agricultural Sciences (YAAS), Yunnan province, China.The genetic difference between O. sativa and wild species has been observed in many studies."
Bph34,35910769,2022,PeerJ,Genome-wide identification of long non-coding (lncRNA) in Nilaparvata lugens's adaptability to resistant rice.,29862974,"In 40, 20 genes (Bph1-9, Bph17, Bph19, Bph25-26, Bph28, Bph30-33, and Bph37-38) have been identified in indica varieties, whereas the other 20 genes (Bph10-16, Bph18, Bph20-24, Bph27, bph29, Bph34-36, and bph39-40) are from wild species of rice."
Bph40,38003009,2023,Genes,Identification and Functional Characterization of Two Major Loci Associated with Resistance against Brown Planthoppers (Nilaparvata lugens (Stål)) Derived from Oryza nivara.,38684405,"Chen et al., in their study of genetic diversity and phenotypic variation in an introgression line population of an interspecific Oryza glaberrima and Oryza sativa (RAM3/Jin23B//Jin23B///YuetaiB), revealed the proportion of the Oryza glaberrima genome (PGG) in the ILs ranging from 0.3% to 36.7%, with an average value of 12.32%.The BC1F3 population, derived through an advanced backcross breeding strategy, was used to construct the genetic map of two BPH resistance loci, bph39 and bph40, located on chromosome 4 in the genomic region closely linked to RM8213, RM5953, and R4M17."
Bph40,37569437,2023,International journal of molecular sciences,Recent Advances in Molecular Mechanism and Breeding Utilization of Brown Planthopper Resistance Genes in Rice: An Integrated Review.,37029250,"Homologous gene analysis and whole-genome association studies have identified another BPH gene, Bph40, belonging to the same family in three rice materials, namely SE232, SE67, and C334."
Bph40,37404545,2023,Frontiers in plant science,Advances of herbivore-secreted elicitors and effectors in plant-insect interactions.,36406422,"To date, a total of 17 genes conferring resistance to BPH (Bph1, Bph2, Bph3, Bph6, Bph7, Bph9, Bph10, Bph14, Bph15, Bph18, Bph21, Bph26, bph29, Bph30, Bph32, Bph37, Bph40) have been cloned and characterized in rice plants, which has shed a light on the molecular basis of plant-insect interactions."
Bph40,37615020,2023,Frontiers in plant science,Transcriptome analysis revealed differentially expressed genes in rice functionally associated with brown planthopper defense in near isogenic lines pyramiding BPH14 and BPH15.,37194125,"So far, 17 BPH resistance genes (BPH37, BPH40, BPH30, BPH6, BPH32, BPH18, BPH21, BPH10, BPH7, BPH1, BPH9, BPH29, BPH3, BPH26, BPH2, BPH15, and BPH14) have been successfully cloned in rice."
Bph5,34821791,2021,Insects,"Nitrogenous Fertilizer Reduces Resistance but Enhances Tolerance to the Brown Planthopper in Fast-Growing, Moderately Resistant Rice.",25309778,"The colony had been screened for virulence using several bioassays (i.e., seedbox tests and bionomic tests) and was shown to be virulent against varieties with the Bph1, bph2, bph5, bph7, Bph18, BPH25, and BPH26 genes.Rice seed of each variety was initially planted in plastic trays, with one variety per tray, in moistened paddy soil."
Bph5,35323548,2022,Insects,Interactions between Rice Resistance to Planthoppers and Honeydew-Related Egg Parasitism under Varying Levels of Nitrogenous Fertilizer.,27508009,"BPH from Laguna are virulent against rice with resistance derived from the Bph1, bph2, bph5, bph7, Bph18, BPH25 and BPH26 genes; WBPH are virulent against WbphM1 and WbphM2."
Bph5,35206680,2022,Insects,Compatibility of Insecticides with Rice Resistance to Planthoppers as Influenced by the Timing and Frequency of Applications.,27059938,"BPH from Laguna Province are adapted to feed on rice varieties with the Bph1, bph2, bph5, bph7, Bph18, BPH25 and BPH26 genes."
Bph5,32937908,2020,"Plants (Basel, Switzerland)",Recent Strategies for Detection and Improvement of Brown Planthopper Resistance Genes in Rice: A Review.,19082937,"In an allelism test and fine genetic studies of rice cultivars Col. 5 and Col. 11, derived from Thailand, Nemato et al. confirmed that the recessive gene in these two cultivars differed from bph5 and bph7 and, thus, it was named bph8."
Bph33,30291462,2018,"Rice (New York, N.Y.)","Identification and fine mapping of Bph33, a new brown planthopper resistance gene in rice (Oryza sativa L.).",12659065,"As single-gene resistance is easily lost due to the evolution of new BPH biotypes, it is urgent to explore and identify new BPH resistance genes.In this study, using F2:3 populations and near-isogenic lines (NILs) derived from crosses between two BPH-resistant Sri Lankan rice cultivars (KOLAYAL and POLIYAL) and a BPH-susceptible cultivar 9311, a new resistance gene Bph33 was fine mapped to a 60-kb region ranging 0.91-0.97 Mb on the short arm of chromosome 4 (4S), which was at least 4 Mb distant from those genes/QTLs (Bph12, Bph15, Bph3, Bph20, QBph4 and QBph4.2) reported before."
Bph33,38069282,2023,International journal of molecular sciences,Recent Advances in the Genetic and Biochemical Mechanisms of Rice Resistance to Brown Planthoppers (Nilaparvata lugens Stål).,38967340,"Among these 49 genes/QTLs, 33 (Bph37 from IR64; Bph38(t), Bph33(t), bph19, Bph31, Bph44(t), qBph4.3, Bph33, Bph30, Bph41, Bph40, qBph4.1, Bph3, and qBph4.2 from IR65482-17, qBph4.4, Bph17, and qBph4.2 from Rathu Heenati; Bph27(t), Bph6, Bph44, Bph42, Bph25, and Bph37 from SE382; Bph32, bph4, Bph43, Bph28(t), bph2, bph7, and Bph9 from Kaharamana; and Bph1, Bph26, and Bph9 from Pokkali) were derived from traditional cultivated rice species; the rest were derived from wild rice varieties, including Bph13(t), bph11, qBph3, Bph14, qBph4, and Bph15 from O. officinalis; Bph12 from O. latifolia; Bph35, Bph36, Bph27, and bph29 from O. rufipogon; Bph21 and Bph20(t) from O. minuta; Bph34 from O. nivara; and Bph18 and Bph10 from O. australiensis (Table 1)."
Bph33,35899197,2022,Frontiers in genetics,Development and Validation of Diagnostic KASP Markers for Brown Planthopper Resistance in Rice.,29815946,"With the constant efforts of rice scientists since the 1960s, around 42 BPH resistance genes and more than 70 quantitative trait loci (QTLs) have been identified and assigned to different rice chromosomes but only few genes, mostly Bph17, Bph3/32, Bph31, and Bph33(t) showed broad-spectrum resistance to Indian biotype 4.Over the past few decades, crop breeding has been altered to a great extent and taken into a positive direction with cutting-edge contemporary genomic technologies."
Bph33,33217583,2021,Journal of proteomics,Transcriptomic and proteomic responses to brown plant hopper (Nilaparvata lugens) in cultivated and Bt-transgenic rice (Oryza sativa) and wild rice (O. rufipogon).,20670835,DAPs significantly enriched two GO terms that are related with Bph14 and Bph33 genes in rice.
Bph8,38106508,2023,Breeding science,Development and characterization of near-isogenic lines for brown planthopper resistance genes in the genetic background of japonica rice 'Sagabiyori'.,39067945,"In addition, continuous rearing of BPH populations on resistant rice cultivars for 7 to 15 generations under controlled conditions allowed adaptation to resistance to BPH1, BPH2, BPH3, BPH8, BPH9, BPH10, and BPH32."
Bph8,32937908,2020,"Plants (Basel, Switzerland)",Recent Strategies for Detection and Improvement of Brown Planthopper Resistance Genes in Rice: A Review.,19082937,"In an allelism test and fine genetic studies of rice cultivars Col. 5 and Col. 11, derived from Thailand, Nemato et al. confirmed that the recessive gene in these two cultivars differed from bph5 and bph7 and, thus, it was named bph8."
Bph8,31143556,2019,PeerJ,Dissection of three quantitative trait loci for grain size on the long arm of chromosome 10 in rice (Oryza sativa L.).,14471148,"This could be the main cause for the inconsistent effect of qGS10.2 observed in the present study.Linkage drag is a problem commonly encountered in the introgression of alien genes. reported that lower spikelet fertility was associated with the introduction of the Bph8 resistance gene from O. australiensis into the background of a japonica rice variety. found that transformation of the Bt resistance gene into indica rice restorer line Minghui 63 may have negative effects on grain weight and grain size, resulting in lower grain yield."
Bph8,31726710,2019,"Plants (Basel, Switzerland)",The Development and Characterization of Near-Isogenic and Pyramided Lines Carrying Resistance Genes to Brown Planthopper with the Genetic Background of Japonica Rice (Oryza sativa L.).,15820863,"Under laboratory conditions, BPH populations continually reared for between seven to 15 generations on resistant rice varieties were capable of adapting to resistance from a range of genes, including BPH1, BPH2, BPH3, BPH8, BPH9, BPH10 and BPH32."
Bph31,37623248,2023,Current issues in molecular biology,Unveiling Nilaparvata lugens Stål Genes Defining Compatible and Incompatible Interactions with Rice through Transcriptome Analysis and Gene Silencing.,37213564,"On the other hand, none of the reported Bph genes [Bph13(t), BPH31, Bph6, Bph34Bph3, bph4, bph7, and BPH18(t)] to confer resistance against BPH biotype 4 is mapped to PTB33 rice."
Bph31,28861736,2017,"Rice (New York, N.Y.)","Identification and fine mapping of a new gene, BPH31 conferring resistance to brown planthopper biotype 4 of India to improve rice, Oryza sativa L.",10170346,"On the other hand, most of the rice varieties that have superior yield and agronomic traits are generally susceptible to BPH infestation."
Bph31,38069282,2023,International journal of molecular sciences,Recent Advances in the Genetic and Biochemical Mechanisms of Rice Resistance to Brown Planthoppers (Nilaparvata lugens Stål).,38967340,"Among these 49 genes/QTLs, 33 (Bph37 from IR64; Bph38(t), Bph33(t), bph19, Bph31, Bph44(t), qBph4.3, Bph33, Bph30, Bph41, Bph40, qBph4.1, Bph3, and qBph4.2 from IR65482-17, qBph4.4, Bph17, and qBph4.2 from Rathu Heenati; Bph27(t), Bph6, Bph44, Bph42, Bph25, and Bph37 from SE382; Bph32, bph4, Bph43, Bph28(t), bph2, bph7, and Bph9 from Kaharamana; and Bph1, Bph26, and Bph9 from Pokkali) were derived from traditional cultivated rice species; the rest were derived from wild rice varieties, including Bph13(t), bph11, qBph3, Bph14, qBph4, and Bph15 from O. officinalis; Bph12 from O. latifolia; Bph35, Bph36, Bph27, and bph29 from O. rufipogon; Bph21 and Bph20(t) from O. minuta; Bph34 from O. nivara; and Bph18 and Bph10 from O. australiensis (Table 1)."
Bph31,35899197,2022,Frontiers in genetics,Development and Validation of Diagnostic KASP Markers for Brown Planthopper Resistance in Rice.,29815946,"With the constant efforts of rice scientists since the 1960s, around 42 BPH resistance genes and more than 70 quantitative trait loci (QTLs) have been identified and assigned to different rice chromosomes but only few genes, mostly Bph17, Bph3/32, Bph31, and Bph33(t) showed broad-spectrum resistance to Indian biotype 4.Over the past few decades, crop breeding has been altered to a great extent and taken into a positive direction with cutting-edge contemporary genomic technologies."
Bph45,36675314,2023,International journal of molecular sciences,The Bph45 Gene Confers Resistance against Brown Planthopper in Rice by Reducing the Production of Limonene.,33467043,"However, none of the four VOCs were emitted differentially by the two rice lines in this study (Table S1).We found in this study that more BPHs were distributed on the sensitive rice variety TNG71 than on the resistant line TNG71-Bph45, with a ratio of 6:4 at 24 h after the release of BPHs (Figure 1A)."
Bph45,39555011,2024,Breeding science,Substitution mapping and characterization of brown planthopper resistance genes from traditional rice cultivar 'Rathu Heenati' (Oryza sativa L.).,43065187,"To date, at least 45 loci for BPH resistance (designated as BPH1 to BPH45) have been identified and mapped across all 12 chromosomes of rice."
Bph45,38106508,2023,Breeding science,Development and characterization of near-isogenic lines for brown planthopper resistance genes in the genetic background of japonica rice 'Sagabiyori'.,39067940,"To date, more than 45 loci for BPH resistance (designated BPH1 to BPH45) have been identified in rice."
Bph45,37373210,2023,International journal of molecular sciences,Molecular Research in Rice.,36272467,"This new Bph45 gene will be useful for pyramiding with genes associated with different resistance mechanisms, to develop durable BPH-resistant rice varieties.Compared with other food crops, rice is at the forefront of molecular genetics and genomics research."
Bph42,38078098,2023,Frontiers in plant science,Deciphering the roles of unknown/uncharacterized genes in plant development and stress responses.,39001511,"The resistance gene bph42, which confers resistance to brown planthopper (BPH), was identified in wild rice line Oryza rufipogon (Griff.)"
Bph42,38069282,2023,International journal of molecular sciences,Recent Advances in the Genetic and Biochemical Mechanisms of Rice Resistance to Brown Planthoppers (Nilaparvata lugens Stål).,38967340,"Among these 49 genes/QTLs, 33 (Bph37 from IR64; Bph38(t), Bph33(t), bph19, Bph31, Bph44(t), qBph4.3, Bph33, Bph30, Bph41, Bph40, qBph4.1, Bph3, and qBph4.2 from IR65482-17, qBph4.4, Bph17, and qBph4.2 from Rathu Heenati; Bph27(t), Bph6, Bph44, Bph42, Bph25, and Bph37 from SE382; Bph32, bph4, Bph43, Bph28(t), bph2, bph7, and Bph9 from Kaharamana; and Bph1, Bph26, and Bph9 from Pokkali) were derived from traditional cultivated rice species; the rest were derived from wild rice varieties, including Bph13(t), bph11, qBph3, Bph14, qBph4, and Bph15 from O. officinalis; Bph12 from O. latifolia; Bph35, Bph36, Bph27, and bph29 from O. rufipogon; Bph21 and Bph20(t) from O. minuta; Bph34 from O. nivara; and Bph18 and Bph10 from O. australiensis (Table 1)."
Bph42,36323756,2022,Scientific reports,"Identification of two QTLs, BPH41 and BPH42, and their respective gene candidates for brown planthopper resistance in rice.",31658906,"In summary, the newly identified QTLs and information gathered from this study have expanded the currently available toolkit for breeding better BPH resistant rice varieties.All O. sativa lines of SWR66, SWD10 and its progenies, fixed lines of PTB33 (IRGC 19325), TN-1 (IRGC 38845), AC-1613 (IRGC 10638), Kolayal (IRGC 36295), Poliyal (IRGC 36352), Swarnalata (IRGC 33964) and Balamawee (IRGC 40777) were kindly provided by SeedWorks International Pvt. Ltd."
Bph42,35764746,2022,Molecular biology reports,Molecular mapping and transfer of a novel brown planthopper resistance gene bph42 from Oryza rufipogon (Griff.) To cultivated rice (Oryza sativa L.).,29241133,Molecular mapping and transfer of a novel brown planthopper resistance gene bph42 from Oryza rufipogon (Griff.) To cultivated rice (Oryza sativa L.).
Bph38,38069282,2023,International journal of molecular sciences,Recent Advances in the Genetic and Biochemical Mechanisms of Rice Resistance to Brown Planthoppers (Nilaparvata lugens Stål).,38967340,"Among these 49 genes/QTLs, 33 (Bph37 from IR64; Bph38(t), Bph33(t), bph19, Bph31, Bph44(t), qBph4.3, Bph33, Bph30, Bph41, Bph40, qBph4.1, Bph3, and qBph4.2 from IR65482-17, qBph4.4, Bph17, and qBph4.2 from Rathu Heenati; Bph27(t), Bph6, Bph44, Bph42, Bph25, and Bph37 from SE382; Bph32, bph4, Bph43, Bph28(t), bph2, bph7, and Bph9 from Kaharamana; and Bph1, Bph26, and Bph9 from Pokkali) were derived from traditional cultivated rice species; the rest were derived from wild rice varieties, including Bph13(t), bph11, qBph3, Bph14, qBph4, and Bph15 from O. officinalis; Bph12 from O. latifolia; Bph35, Bph36, Bph27, and bph29 from O. rufipogon; Bph21 and Bph20(t) from O. minuta; Bph34 from O. nivara; and Bph18 and Bph10 from O. australiensis (Table 1)."
Bph38,37731986,2023,Frontiers in plant science,Available cloned genes and markers for genetic improvement of biotic stress resistance in rice.,37646122,The high resistance locus designated as Bph38 to both BPH and WBPH was identified from O. rufipogon and was fine-mapped to a 79-kb region on Chr 4. identified a major QTL (qGRH4.2=GRH6) conferring GRH resistance from a wild species (Oryza nivara_IRGC105715) and fine-mapped the locus to ~31-kb region on Chr 4.
Bph38,31915875,2020,TAG. Theoretical and applied genetics. Theoretische und angewandte Genetik,Genomic Breeding of Green Super Rice Varieties and Their Deployment in Asia and Africa.,16496635,"Recently, a novel gene, Bph38(t) on the long arm of chromosome 1, was mapped to a small genomic region of 496.2 kb explaining the phenotypic variation of 35.9% in a backcross population derived from a cross of HHZ and Khazar (Balachiranjeevi et al. ).Breeding of new GSR varieties with high nitrogen-use efficiency is a critical way to reduce the application of nitrogenous fertilizer in rice production and is one of the primary goals of our GSR breeding as well."
Bph38,31885402,2019,Euphytica: Netherlands journal of plant breeding,"Identification of a novel locus, BPH38(t), conferring resistance to brown planthopper (Nilaparvata lugens Stal.) using early backcross population in rice (Oryza sativa L.).",16235589,Early backcross generation BC1F5 plants derived from the novel Green Super Rice breeding strategy were used for the localization of genomic regions conferring BPH resistance.
Bph13,37623248,2023,Current issues in molecular biology,Unveiling Nilaparvata lugens Stål Genes Defining Compatible and Incompatible Interactions with Rice through Transcriptome Analysis and Gene Silencing.,37213564,"On the other hand, none of the reported Bph genes [Bph13(t), BPH31, Bph6, Bph34Bph3, bph4, bph7, and BPH18(t)] to confer resistance against BPH biotype 4 is mapped to PTB33 rice."
Bph13,38069282,2023,International journal of molecular sciences,Recent Advances in the Genetic and Biochemical Mechanisms of Rice Resistance to Brown Planthoppers (Nilaparvata lugens Stål).,38967340,"Among these 49 genes/QTLs, 33 (Bph37 from IR64; Bph38(t), Bph33(t), bph19, Bph31, Bph44(t), qBph4.3, Bph33, Bph30, Bph41, Bph40, qBph4.1, Bph3, and qBph4.2 from IR65482-17, qBph4.4, Bph17, and qBph4.2 from Rathu Heenati; Bph27(t), Bph6, Bph44, Bph42, Bph25, and Bph37 from SE382; Bph32, bph4, Bph43, Bph28(t), bph2, bph7, and Bph9 from Kaharamana; and Bph1, Bph26, and Bph9 from Pokkali) were derived from traditional cultivated rice species; the rest were derived from wild rice varieties, including Bph13(t), bph11, qBph3, Bph14, qBph4, and Bph15 from O. officinalis; Bph12 from O. latifolia; Bph35, Bph36, Bph27, and bph29 from O. rufipogon; Bph21 and Bph20(t) from O. minuta; Bph34 from O. nivara; and Bph18 and Bph10 from O. australiensis (Table 1)."
Bph13,37731986,2023,Frontiers in plant science,Available cloned genes and markers for genetic improvement of biotic stress resistance in rice.,37646119,"In addition, pyramiding effects of two to three BPH gene combinations such as BPH14 + BPH15, BPH6 + BPH12, and BPH13 + BPH14 + BPH15 were observed in different backgrounds or breeding programs.A handful of genetic factors governing resistance against planthoppers, including small brown planthopper (SBPH: Laodelphax striatellus), white-backed planthopper (WBPH: Sogatella furcifera), green leafhopper (GLH: Nephotettix virescens), and green rice leafhopper (GRH: Nephotettix cincticeps), have been identified from diverse germplasms and are well summarized in a few review papers."
Bph13,31885402,2019,Euphytica: Netherlands journal of plant breeding,"Identification of a novel locus, BPH38(t), conferring resistance to brown planthopper (Nilaparvata lugens Stal.) using early backcross population in rice (Oryza sativa L.).",16235580,"To date, 37 BPH resistance genes have been identified from cultivated and wild species of Oryza:BPH1, BPH2, BPH3, BPH4, BPH5, BPH6, BPH7, BPH8, BPH9, BPH10, BPH11(t), BPH12(t),BPH12, BPH13(t), BPH14, BPH15, BPH16(t), BPH17, BPH18, BPH19(t), BPH20, BPH21, BPH22(t), BPH23(t),BPH24(t), BPH25(t), BPH26(t), BPH27, BPH28, BHP29,BPH30, BPH31, BPH32,BPH33, BPH3 and BPH35, BPH36 and BPH37 (Khush et al. ; Kabis and Khush; Nemoto et al. ; Ishii et al. ; Murata et al. ; Hirabayashi et al. ; Renganayaki et al. ; Yanget al. ; Sharma et al. ; Yang et al. ; Hirabayashi et al. ; Sun et al. ; Chang-Chao et al. ; Chen et al. ; Jena et al. ; Sai Harini et al; Jairin et al. ; Li et al. ; Ram et al. ; Rahman et al. ; Du et al. ; Qiu et al. ; Deen et al. ; Qiu et al. ; Myint et al. ; Huang et al. ; Wu et al. ; Wang et al. ; Wang et al. ; Ren et al. ; Prahalada et al. ; Kumar et al. ; Naik et al. ; Yang et al. ; Yuexiong et al.)."
Bph28,38069282,2023,International journal of molecular sciences,Recent Advances in the Genetic and Biochemical Mechanisms of Rice Resistance to Brown Planthoppers (Nilaparvata lugens Stål).,38967340,"Among these 49 genes/QTLs, 33 (Bph37 from IR64; Bph38(t), Bph33(t), bph19, Bph31, Bph44(t), qBph4.3, Bph33, Bph30, Bph41, Bph40, qBph4.1, Bph3, and qBph4.2 from IR65482-17, qBph4.4, Bph17, and qBph4.2 from Rathu Heenati; Bph27(t), Bph6, Bph44, Bph42, Bph25, and Bph37 from SE382; Bph32, bph4, Bph43, Bph28(t), bph2, bph7, and Bph9 from Kaharamana; and Bph1, Bph26, and Bph9 from Pokkali) were derived from traditional cultivated rice species; the rest were derived from wild rice varieties, including Bph13(t), bph11, qBph3, Bph14, qBph4, and Bph15 from O. officinalis; Bph12 from O. latifolia; Bph35, Bph36, Bph27, and bph29 from O. rufipogon; Bph21 and Bph20(t) from O. minuta; Bph34 from O. nivara; and Bph18 and Bph10 from O. australiensis (Table 1)."
Bph28,35910769,2022,PeerJ,Genome-wide identification of long non-coding (lncRNA) in Nilaparvata lugens's adaptability to resistant rice.,29862974,"In 40, 20 genes (Bph1-9, Bph17, Bph19, Bph25-26, Bph28, Bph30-33, and Bph37-38) have been identified in indica varieties, whereas the other 20 genes (Bph10-16, Bph18, Bph20-24, Bph27, bph29, Bph34-36, and bph39-40) are from wild species of rice."
Bph28,35267056,2022,TAG. Theoretical and applied genetics. Theoretische und angewandte Genetik,"Molecular mechanisms, genetic mapping, and genome editing for insect pest resistance in field crops.",27282280,"mapped Bph28(t) between markers Indel55 and Indel66 in two different F2 mapping populations developed by crossing the common resistant parent, DV85 with susceptible japonica variety Kinmaze and Indica 9311."
Bph28,31885402,2019,Euphytica: Netherlands journal of plant breeding,"Identification of a novel locus, BPH38(t), conferring resistance to brown planthopper (Nilaparvata lugens Stal.) using early backcross population in rice (Oryza sativa L.).",16235580,"To date, 37 BPH resistance genes have been identified from cultivated and wild species of Oryza:BPH1, BPH2, BPH3, BPH4, BPH5, BPH6, BPH7, BPH8, BPH9, BPH10, BPH11(t), BPH12(t),BPH12, BPH13(t), BPH14, BPH15, BPH16(t), BPH17, BPH18, BPH19(t), BPH20, BPH21, BPH22(t), BPH23(t),BPH24(t), BPH25(t), BPH26(t), BPH27, BPH28, BHP29,BPH30, BPH31, BPH32,BPH33, BPH3 and BPH35, BPH36 and BPH37 (Khush et al. ; Kabis and Khush; Nemoto et al. ; Ishii et al. ; Murata et al. ; Hirabayashi et al. ; Renganayaki et al. ; Yanget al. ; Sharma et al. ; Yang et al. ; Hirabayashi et al. ; Sun et al. ; Chang-Chao et al. ; Chen et al. ; Jena et al. ; Sai Harini et al; Jairin et al. ; Li et al. ; Ram et al. ; Rahman et al. ; Du et al. ; Qiu et al. ; Deen et al. ; Qiu et al. ; Myint et al. ; Huang et al. ; Wu et al. ; Wang et al. ; Wang et al. ; Ren et al. ; Prahalada et al. ; Kumar et al. ; Naik et al. ; Yang et al. ; Yuexiong et al.)."
