candidate,PMID,year,journal,title,sent_id,retrieval_scope,evidence_sentence
OsWRKY36,40042898,2025,Proceedings of the National Academy of Sciences of the United States of America,A WRKY transcription factor confers broad-spectrum resistance to biotic stresses and yield stability in rice.,44469967,BPH resistance,"To confirm the role of OsWRKY36 in BPH resistance, we generated two independent OsWRKY36-overexpressing transgenic lines (OsWRKY36-OE) and two independent homozygous knockout lines (OsWRKY36-KO) of OsWRKY36 in the background of Ningjing1 (an elite japonica cultivar) using the CRISPR/Cas9 method (Fig. 1)."
OsWRKY36,40042898,2025,Proceedings of the National Academy of Sciences of the United States of America,A WRKY transcription factor confers broad-spectrum resistance to biotic stresses and yield stability in rice.,44469959,BPH resistance,"In this study, we report that knocking out the transcription factor gene OsWRKY36 in rice enhances the resistance to multiple rice planthopper species including BPH, WBPH, and SBPH, as well as to the rice blast fungus Magnaporthe oryzae."
OsWRKY36,40042898,2025,Proceedings of the National Academy of Sciences of the United States of America,A WRKY transcription factor confers broad-spectrum resistance to biotic stresses and yield stability in rice.,44469974,BPH resistance,"Together, these results demonstrate that OsWRKY36 negatively regulates BPH resistance in rice. qRT-PCR analysis showed that OsWRKY36 is constitutively expressed in root, stem, leaf blade, leaf sheath, and panicle (SI Appendix, Fig. S4A)."
JAZ10/FJ10,39693337,2024,Proceedings of the National Academy of Sciences of the United States of America,A frameshift mutation in JAZ10 resolves the growth versus defense dilemma in rice.,43387479,BPH damage,"However, a type of mutant with an INDEL that yielded a novel frameshift protein named FJ10 (Frameshift mutation of JAZ10), exhibited enhanced rice growth and increased resistance to brown planthopper attacks."
OsClpP6,38612510,2024,International journal of molecular sciences,Silencing an ATP-Dependent Caseinolytic Protease Proteolytic Subunit Gene Enhances the Resistance of Rice to Nilaparvata lugens.,41096838,BPH resistance,"Further research should clarify which defensive compounds that are regulated by JA- and ABA-signaling pathways are involved in the OsClpP6-mediated rice BPH resistance.We found that, without pesticides, silencing OsClpP6 had little effect on rice yield in the field, although silencing OsClpP6 did enhance the resistance of rice to rice planthoppers in the laboratory and field."
OsClpP6,38612510,2024,International journal of molecular sciences,Silencing an ATP-Dependent Caseinolytic Protease Proteolytic Subunit Gene Enhances the Resistance of Rice to Nilaparvata lugens.,41096816,BPH resistance,"Therefore, this discrepancy in leaf morphology between our study and the study reported in might be related to the transcript or protein level of OsClpP6 in rice lines (or mutants).We observed that silencing OsClpP6 enhanced levels of BPH-induced JA and JA-Ile and of basal and BPH-induced ABA but decreased H2O2 levels."
OsClpP6,38612510,2024,International journal of molecular sciences,Silencing an ATP-Dependent Caseinolytic Protease Proteolytic Subunit Gene Enhances the Resistance of Rice to Nilaparvata lugens.,41096762,BPH resistance,"By combining chemical analysis, transcriptome, and molecular analyses, as well as insect bioassays, we found that silencing OsClpP6 enhanced the production of BPH-induced JA, JA-isoleucine (JA-Ile), ABA, and volatile organic compounds (VOCs), as well as the resistance of rice to BPH in both the laboratory and field."
OsTPS19/OsTPS20,39340817,2024,Plant biotechnology journal,Limonene enhances rice plant resistance to a piercing-sucking herbivore and rice pathogens.,42584423,BPH resistance,"Overexpression of TPS19 and TPS20 in rice plants enhanced resistance to R. solani and Xoo, while TPS19 and TPS20 knockout lines were more susceptible to the pathogens.The increased amount of (S)-limonene in rice plants inhibited BPH development while promoting the occurrence of striped stem borer (Chilo suppressalis, SSB)."
OsTPS19/OsTPS20,39340817,2024,Plant biotechnology journal,Limonene enhances rice plant resistance to a piercing-sucking herbivore and rice pathogens.,42584387,BPH resistance,"oryzae (Xoo), and its recombinant protein generates a variety of monoterpenes including (S)-limonene (Lee et al., ).By generating knockout and overexpression lines of OsTPS19 and OsTPS20, we investigated the regulatory and defensive roles of limonene against BPH and diseases in rice."
OsTPS19/OsTPS20,39340817,2024,Plant biotechnology journal,Limonene enhances rice plant resistance to a piercing-sucking herbivore and rice pathogens.,42584412,BPH resistance,"BPH displayed a dose-dependent response behaviour to synthetic (S)-limonene, showing a preference for (S)-limonene at a release rate of 4.97-128.80 ng h-1, and an aversion to it at a release rate from 549.25 to 687.04 ng h-1 (Figure 4c).While altered expression of OsTPS19 and OsTPS20 had no impact on the oviposition performance of BPH female adults the total number of eggs deposited remained constant rice genotypes (Figure 5a, b), the hatching rate of eggs laid on overexpression lines of OsTPS19 and OsTPS20 was diminished compared with other genotypes (Figure 5b, d)."
OsGF14e-OsEDR1l,39853648,2025,"Advanced science (Weinheim, Baden-Wurttemberg, Germany)",An Insect Effector Mimics Its Host Immune Regulator to Undermine Plant Immunity.,43871858,BPH resistance,"OsGF14e and OsEDR1l overexpression renders rice susceptible to BPH, whereas their knockout increases plant resistance but compromises rice growth and grain yield."
OsGF14e-OsEDR1l,39853648,2025,"Advanced science (Weinheim, Baden-Wurttemberg, Germany)",An Insect Effector Mimics Its Host Immune Regulator to Undermine Plant Immunity.,43872033,BPH resistance,"The expression pattern of OsGF14e was reminiscent of that of the DELLA gene OsSLR1, which also negatively regulates rice defense against BPH."
OsGF14e-OsEDR1l,39853648,2025,"Advanced science (Weinheim, Baden-Wurttemberg, Germany)",An Insect Effector Mimics Its Host Immune Regulator to Undermine Plant Immunity.,43871915,BPH resistance,An evaluation of resistance to BPH in different OsGF14e transgenic rice lines showed that female adults gained less mass when fed the two gf14e mutant lines and more mass when fed the oeGF14e line compared with those fed the WT plants (Figure 1F).
OsPGI1c,39796027,2024,International journal of molecular sciences,"A Cytosolic Phosphoglucose Isomerase, OsPGI1c, Enhances Plant Growth and Herbivore Resistance in Rice.",43560964,BPH resistance,"Overexpressing OsPGI1c in rice (oePGI) enhanced both the masses of plant shoots and roots and basal levels of trehalose; however, when infested by gravid BPH females for 2 days, trehalose levels were significantly lower in oePGI plants than in wild-type (WT) plants."
OsPGI1c,39796027,2024,International journal of molecular sciences,"A Cytosolic Phosphoglucose Isomerase, OsPGI1c, Enhances Plant Growth and Herbivore Resistance in Rice.",43560967,BPH resistance,These results indicate that OsPGI1c positively modulates both rice growth and BPH resistance.
OsMYB1-OsSPL14,39724382,2024,Plant cell reports,OsMYB1 antagonizes OsSPL14 to mediate rice resistance to brown planthopper and Xanthomonas oryzae pv. oryzae.,43461865,BPH resistance,"OsSPL14 mutants showed increased sensitivity to BPH, suggesting that OsSPL14 is contrary to OsMYB1 in regulating rice resistance to these two biotic stresses."
OsMYB1-OsSPL14,39724382,2024,Plant cell reports,OsMYB1 antagonizes OsSPL14 to mediate rice resistance to brown planthopper and Xanthomonas oryzae pv. oryzae.,43461856,BPH damage,OsMYB1 antagonizes OsSPL14 to mediate rice resistance to brown planthopper and Xanthomonas oryzae pv. oryzae.
OsMYB1-OsSPL14,39724382,2024,Plant cell reports,OsMYB1 antagonizes OsSPL14 to mediate rice resistance to brown planthopper and Xanthomonas oryzae pv. oryzae.,43461857,BPH damage,KEY MESSAGE: OsMYB1 negatively mediates rice resistance to brown planthopper and rice blight.
MYC2-JAMYB,40169387,2025,The New phytologist,The MYC2-JAMYB transcriptional cascade regulates rice resistance to brown planthoppers.,44781062,BPH resistance,"Mutations of JAMYB rendered rice plants susceptible to BPH attacks under laboratory and field conditions, indicating that JAMYB positively contributes to BPH resistance."
OsmiR319-OsPCF5,38520013,2024,BMC biology,OsmiR319-OsPCF5 modulate resistance to brown planthopper in rice through association with MYB proteins.,40704692,BPH resistance,"Given that bHLH proteins usually form MBW complexes to fulfill their function, we looked for MYB proteins able to interact with OsPCF5 to mediate rice response to BPHs.OsMYB30 has been reported to positively regulate OsPAL6 and OsPAL8 genes, which in turn mediate BPH resistance by upregulating lignin biosynthesis."
OsmiR319-OsPCF5,38520013,2024,BMC biology,OsmiR319-OsPCF5 modulate resistance to brown planthopper in rice through association with MYB proteins.,40704731,BPH resistance,"Here, we studied the role of OsmiR319 in response to BPHs and found that OsmiR319 overexpression greatly enhanced the susceptibility of rice plants to BPHs (Fig. 1G, H), whereas downregulation of OsmiR319 through the mimicry technology increased BPH resistance (Fig. 1J, K)."
OsmiR319-OsPCF5,38520013,2024,BMC biology,OsmiR319-OsPCF5 modulate resistance to brown planthopper in rice through association with MYB proteins.,40704732,BPH resistance,"Thus, OsmiR319 negatively regulated BPH resistance, this character was repeatedly verified in several different genetic backgrounds of rice (Additional file 4)."
OsNCED3,36064309,2022,BMC genomics,"Transcriptome profiling in rice reveals a positive role for OsNCED3 in defense against the brown planthopper, Nilaparvata lugens.",30443991,BPH resistance,"This study shows that overexpression of OsNCED3 in rice improves resistance to BPH, and has potential merit in rice breeding programs.The online version contains supplementary material available at 10.1186/s12864-022-08846-5.Food security has become a critical issue worldwide due to incremental population growth, and urbanization."
OsNCED3,36064309,2022,BMC genomics,"Transcriptome profiling in rice reveals a positive role for OsNCED3 in defense against the brown planthopper, Nilaparvata lugens.",30444091,BPH resistance,"In the current study, results obtained from EPG analysis, average injury levels, and FPLI values showed that OsNCED3 overexpression increased resistance to BPH in rice."
OsNCED3,38988632,2024,Frontiers in plant science,A key ABA biosynthetic gene OsNCED3 is a positive regulator in resistance to Nilaparvata lugens in Oryza sativa.,41962723,BPH resistance,"(2022)'s article were found to align with the transcriptome data, and their expression patterns exhibited consistency, suggesting a positive impact on enhancing rice resistance against insects.The resistance of three rice lines (OsNCED3-OE, osnced3-RNAi, and WT) to BPH and the role of OsNCED3 in BPH tolerance was examined by monitoring physiological and biochemical parameters, changes in hormone content, and defense gene expression."
OsRCI-1,38891303,2024,"Plants (Basel, Switzerland)",OsRCI-1-Mediated GLVs Enhance Rice Resistance to Brown Planthoppers.,41608173,BPH resistance,"These findings suggest that elevated levels of green leaf volatiles (cis-3-hexen-1-ol and cis-3-hexenal) contribute to enhancing the direct and indirect resistance of rice against BPH.In summary, our study provides compelling evidence for the involvement of OsRCI-1 in regulating the release of GLVs including cis-3-hexenal and cis-3-hexen-1-ol in rice; OsRCI-1 is another LOX gene that contributes to both JA and GLV synthesis in rice as OsLOX1."
OsRCI-1,38891303,2024,"Plants (Basel, Switzerland)",OsRCI-1-Mediated GLVs Enhance Rice Resistance to Brown Planthoppers.,41608137,BPH resistance,"We hypothesized that the overexpression of OsRCI-1 in rice would enhance the production of GLVs, therefore playing a role in regulating BPH colonization and the behavior of its egg parasitoid A. nilaparvatae.To investigate the impact of OsRCI-1 on the production of rice GLVs, the levels of GLVs from OsRCI-1 overexpression rice (oeRCI lines) and wild-type rice plants were estimated after mechanical damage treatment."
OsRCI-1,38891303,2024,"Plants (Basel, Switzerland)",OsRCI-1-Mediated GLVs Enhance Rice Resistance to Brown Planthoppers.,41608147,BPH resistance,"These findings suggest that cis-3-hexen-1-ol but not cis-3-hexenal showed a repellent effect on the female adult BPH.To explore the potential impact of GLVs in rice on the parasitic preference of the parasitoid A. nilaparvatae (BPH egg parasitoid), we initially introduced the parasitoids into the OsRCI-1 overexpression oeRCI lines and WT plants infested with BPH in a laboratory setting."
OsRLK7-1,37834016,2023,International journal of molecular sciences,Knocking Out OsRLK7-1 Impairs Rice Growth and Development but Enhances Its Resistance to Planthoppers.,38037330,BPH resistance,"However, the infestation of gravid females of BPH or WBPH slightly suppressed or did not induce the expression of OsRLK7-1 (Figure 2b,c).Rice lines with the knockout of OsRLK7-1 (ko-rlk lines) were developed using CRISPR/Cas9-mediated gene editing to clarify the function of OsRLK7-1 in herbivore-induced rice defense responses."
OsRLK7-1,37834016,2023,International journal of molecular sciences,Knocking Out OsRLK7-1 Impairs Rice Growth and Development but Enhances Its Resistance to Planthoppers.,38037356,BPH resistance,The number of BPH nymphs was 1.35 and 1.36 times higher on WT plants (average of 27.29 nymphs per plant) than on ko-rlk plants (20.27 and 20.22).We also investigated the influence of OsRLK7-1-knockout on rice yield.
OsRLK7-1,37834016,2023,International journal of molecular sciences,Knocking Out OsRLK7-1 Impairs Rice Growth and Development but Enhances Its Resistance to Planthoppers.,38037381,BPH resistance,"For instance, the hatching rate of BPH eggs was significantly higher on rice lines with the knockout of OsAOC, OsOPR7, or OsMYC2 (which are critical genes in JA biosynthesis or signaling pathway) than WT plants."
SDG703,37629184,2023,International journal of molecular sciences,SET Domain Group 703 Regulates Planthopper Resistance by Suppressing the Expression of Defense-Related Genes.,37271503,BPH resistance,"However, further studies are required to verify if ETI and PTI are also involved in SBPH resistance, similar to their role in rice resistance against BPH.Previous studies have reported that most rice SUVH genes overexpressing or RNAi transgenic plants do not exhibit any noticeable phenotypic changes, except for SDG728 RNAi plants, which show reduced seed size and weight."
SDG703,37629184,2023,International journal of molecular sciences,SET Domain Group 703 Regulates Planthopper Resistance by Suppressing the Expression of Defense-Related Genes.,37271443,Broad planthopper,"Among them, one mutant (PFG_1A-14509), named planthopper susceptible 1 (phs1), exhibited increased susceptibility to SBPH compared to the wild type, Dongjin (Figure 1A,B).To validate the function of T-DNA insertion, T-DNA flanking sequences were determined by searching the Rice Functional Genomic Express database """" (accessed on 20 September 2015)."
SDG703,37629184,2023,International journal of molecular sciences,SET Domain Group 703 Regulates Planthopper Resistance by Suppressing the Expression of Defense-Related Genes.,37271421,BPH resistance,"Thus, the above-mentioned studies demonstrate that rice possesses a dual-layered immune system (ETI or PTI) that facilitates effective defense against pests, resembling the disease resistance mechanisms observed in plants.While several BPH resistance genes have been cloned, no resistance genes against SBPH or WBPH have been identified."
OsEBF2,36462682,2023,Plant science : an international journal of experimental plant biology,The F-box protein OsEBF2 confers the resistance to the brown planthopper (Nilparvata lugens Stål).,33264650,BPH resistance,This study revealed that OsEBF2 is an F-box protein that positively regulates the rice resistance to BPH and can be used as an effective target gene for rice BPH resistance breeding.
OsEBF2,36462682,2023,Plant science : an international journal of experimental plant biology,The F-box protein OsEBF2 confers the resistance to the brown planthopper (Nilparvata lugens Stål).,33264647,BPH resistance,Our results indicated that OsEBF2 can directly interact with OsEIL1 and positively regulate rice resistance to BPH.
OsEBF2,36462682,2023,Plant science : an international journal of experimental plant biology,The F-box protein OsEBF2 confers the resistance to the brown planthopper (Nilparvata lugens Stål).,33264644,BPH resistance,"Previous studies have shown that an ethylene (ET) signaling pathway gene, OsEBF1, positively regulates BPH resistance in rice."
OsJMJ715,34884830,2021,International journal of molecular sciences,Silencing an E3 Ubiquitin Ligase Gene OsJMJ715 Enhances the Resistance of Rice to a Piercing-Sucking Herbivore by Activating ABA and JA Signaling Pathways.,25630028,BPH resistance,"These results suggest that silencing OsJMJ715 enhances the resistance of rice to BPH.To gain further insight into the mechanism underlying OsJMJ715-mediated rice resistance to BPH, we measured levels of JA, JA-isoleucine (JA-Ile), and ABA in WT and irJMJ plants in response to gravid BPH female attack."
OsJMJ715,34884830,2021,International journal of molecular sciences,Silencing an E3 Ubiquitin Ligase Gene OsJMJ715 Enhances the Resistance of Rice to a Piercing-Sucking Herbivore by Activating ABA and JA Signaling Pathways.,25629980,BPH resistance,"Silencing OsJMJ715 enhanced BPH-elicited levels of ABA, JA, and JA-Ile as well as the amount of callose deposition in plants, which in turn increased the resistance of rice to BPH by reducing the feeding of BPH and the hatching rate of BPH eggs."
OsJMJ715,34884830,2021,International journal of molecular sciences,Silencing an E3 Ubiquitin Ligase Gene OsJMJ715 Enhances the Resistance of Rice to a Piercing-Sucking Herbivore by Activating ABA and JA Signaling Pathways.,25630034,BPH resistance,"The data demonstrate that in plants silencing OsJMJ715 enhances the response of JA, JA-Ile, and ABA to BPH infestation.Callose deposition in sieve plates is an important defense mechanism of rice plants to prevent BPH feeding."
OsI-BAK1,34830062,2021,International journal of molecular sciences,Silencing a Simple Extracellular Leucine-Rich Repeat Gene OsI-BAK1 Enhances the Resistance of Rice to Brown Planthopper Nilaparvata lugens.,25390257,BPH resistance,"Combining molecular biology, phytohormone analyses and bioassays, we demonstrate that OsI-BAK1 positively regulates the biosynthesis of BPH-induced ET and decreases the resistance of rice to BPH.The transcriptome data from rice plants infested by gravid females of BPH showed that the transcript level of a simple eLRR gene was significantly upregulated."
OsI-BAK1,34830062,2021,International journal of molecular sciences,Silencing a Simple Extracellular Leucine-Rich Repeat Gene OsI-BAK1 Enhances the Resistance of Rice to Brown Planthopper Nilaparvata lugens.,25390272,BPH resistance,"Silencing OsI-BAK1 enhanced not only the BPH-induced transcript levels of OsWRKY24, OsWRKY53 and OsWRKY70 but, also, the constitutive transcript levels of OsWRKY53 (Figure 4b-d).The JA-, SA-, ET-, ABA- and H2O2-mediated signaling pathways regulate the resistance of rice to BPH."
OsI-BAK1,34830062,2021,International journal of molecular sciences,Silencing a Simple Extracellular Leucine-Rich Repeat Gene OsI-BAK1 Enhances the Resistance of Rice to Brown Planthopper Nilaparvata lugens.,25390283,BPH resistance,"Silencing OsI-BAK1 increased the transcript levels of defense-related genes OsMPK3, OsWRKY24, OsWRKY53 and OsWRKY70 and decreased the BPH-induced ET levels, which subsequently enhanced the resistance of rice to BPH."
OM64,32542992,2020,Journal of integrative plant biology,Deficiency of mitochondrial outer membrane protein 64 confers rice resistance to both piercing-sucking and chewing insects in rice.,18014234,BPH resistance,Detailed analysis showed that deficiency of rice mitochondrial outer membrane protein 64 (OM64) gene resulted in increased resistance to BPH.
MYB22-TOPLESS-HDAC1,37149887,2023,The New phytologist,A novel transcriptional repressor complex MYB22-TOPLESS-HDAC1 promotes rice resistance to brown planthopper by repressing F3'H expression.,35408791,BPH resistance,"Although MYB22 positively regulates rice resistance to BPH and has an EAR motif associated with active repression, it remains unclear whether it is a transcriptional repressor affecting rice-BPH interaction."
MYB22-TOPLESS-HDAC1,37149887,2023,The New phytologist,A novel transcriptional repressor complex MYB22-TOPLESS-HDAC1 promotes rice resistance to brown planthopper by repressing F3'H expression.,35408792,BPH resistance,Genetic analyses revealed that MYB22 regulates rice resistance to BPH via its EAR motif.
OsSPL10,37819387,2023,Plant cell reports,Integration of transcriptome and metabolome analyses reveals the role of OsSPL10 in rice defense against brown planthopper.,37998320,BPH resistance,"To gain insights into the molecular and biochemical mechanisms of OsSPL10, we performed combined analyses of transcriptome and metabolome, and revealed that knockout of OsSPL10 gene improved rice resistance against BPH by enhancing the direct and indirect defenses."
OsSPL10,37819387,2023,Plant cell reports,Integration of transcriptome and metabolome analyses reveals the role of OsSPL10 in rice defense against brown planthopper.,37998315,BPH resistance,"KEY MESSAGE: OsSPL10 is a negative regulator of rice defense against BPH, knockout of OsSPL10 enhances BPH resistance through upregulation of defense-related genes and accumulation of secondary metabolites."
OsSPL10,37819387,2023,Plant cell reports,Integration of transcriptome and metabolome analyses reveals the role of OsSPL10 in rice defense against brown planthopper.,37998323,BPH resistance,"Our findings reveal a novel role for OsSPL10 gene in regulating the rice defense responses, which can be used as a potential target for genetic improvement of BPH resistance in rice."
OsWRKY71,38023936,2023,Frontiers in plant science,Knockout of OsWRKY71 impairs Bph15-mediated resistance against brown planthopper in rice.,38782800,BPH damage,"Previous studies showed that the overexpression of OsWRKY71 leads to an increase in H2O2 accumulation, resulting in enhanced resistance against the small brown planthopper (Laodelphax striatellus, SBPH) in rice."
OsWRKY71,38023936,2023,Frontiers in plant science,Knockout of OsWRKY71 impairs Bph15-mediated resistance against brown planthopper in rice.,38782765,BPH resistance,Knockout of OsWRKY71 impairs Bph15-mediated resistance against brown planthopper in rice
OsWRKY71,38023936,2023,Frontiers in plant science,Knockout of OsWRKY71 impairs Bph15-mediated resistance against brown planthopper in rice.,38782891,BPH resistance,"Overall, these findings provide insights into the molecular mechanisms of BPH resistance in rice and underscore the importance of OsWRKY71 in governing gene expression during BPH infestation.The study revealed a significant down-regulation of the sesquiterpene synthase gene OsSTPS2 in the R3_S3 and R24_S24 comparisons ( Figure 6 )."
OsPep3-OsPEPRs,35068048,2022,Plant biotechnology journal,Plant elicitor peptide signalling confers rice resistance to piercing-sucking insect herbivores and pathogens.,26576795,BPH resistance,"It will be attractive for future studies to investigate whether exogenous application of PAME or C1P also improves BPH resistance in rice.It should be noted that exogenous application of OsPep3 could activate both antixenosis and antibiosis defence mechanisms, which reduced insect settling and feeding, respectively, to defend BPH (Figure 3c,d and Figure S6), whereas knockout of OsPEPR1 and OsPEPR2 failed to exert a prominent effect on insect settling and weight gains (Figures S3 and S4)."
OsPep3-OsPEPRs,35068048,2022,Plant biotechnology journal,Plant elicitor peptide signalling confers rice resistance to piercing-sucking insect herbivores and pathogens.,26576776,BPH resistance,"Thirdly, disruption of OsPep3 perception by knockout of OsPEPRs compromised anti-BPH immunity (Figure 1e-g).This study further shed insights on the molecular mechanisms underlying OsPep3-induced BPH resistance in rice."
OsPep3-OsPEPRs,35068048,2022,Plant biotechnology journal,Plant elicitor peptide signalling confers rice resistance to piercing-sucking insect herbivores and pathogens.,26576684,BPH resistance,"Knockout of OsPEPRs impaired rice resistance to BPH, whereas exogenous application of OsPep3 exerted an opposite effect."
OsEXO70H3,35119102,2022,The New phytologist,Necessity of rice resistance to planthoppers for OsEXO70H3 regulating SAMSL excretion and lignin deposition in cell walls.,26707244,BPH resistance,"All data immediately reveal that knockout of SAMSL gene decreases the resistance of Bph6-NIL plants to BPH, and SAMSL plays a vital role in BPH resistance mediated by Bph6.The finding that OsEXO70H3 is involved in Bph6-mediated resistance prompted us to check the expression levels of OsExo70H3 in rice plants infested with BPH."
OsEXO70H3,35119102,2022,The New phytologist,Necessity of rice resistance to planthoppers for OsEXO70H3 regulating SAMSL excretion and lignin deposition in cell walls.,26707061,BPH resistance,"The functional impairment of OsEXO70H3 and SAMSL reduced the lignin content and the planthopper resistance level of rice plants.Our results suggest that OsEXO70H3 may recruit SAMSL and help its excretion to the apoplast where it may be involved in lignin deposition in cell walls, thus contributing to rice resistance to planthoppers.The brown planthopper (Nilaparvata lugens, BPH), a monophagous sap-sucking arthropod herbivore, is considered the most destructive pest of rice (Oryza sativa) throughout Asia."
OsEXO70H3,35119102,2022,The New phytologist,Necessity of rice resistance to planthoppers for OsEXO70H3 regulating SAMSL excretion and lignin deposition in cell walls.,26707258,BPH resistance,"The results suggest that OsExo70H3 engages in the cell wall biosynthesis in leaf sheaths of resistant plants carrying Bph6.Accordingly, our view is that SAMSL, as a target of OsEXO70H3, plays a role in rice resistance mediated by Bph6."
OsMYB30-OsPAL6/OsPAL8,31848246,2020,Proceedings of the National Academy of Sciences of the United States of America,An R2R3 MYB transcription factor confers brown planthopper resistance by regulating the phenylalanine ammonia-lyase pathway in rice.,16463400,BPH resistance,"Knockdown of OsPALs significantly reduces BPH resistance, whereas overexpression of OsPAL8 in a susceptible rice cultivar significantly enhances its BPH resistance."
OsmiR396-OsGRF8-OsF3H,32895423,2020,Scientific reports,Overexpression of OsF(3)H modulates WBPH stress by alteration of phenylpropanoid pathway at a transcriptomic and metabolomic level in Oryza sativa.,18969947,WBPH resistance,"Collectively, our result suggested that OsF3H overexpression led to the up-regulation of defense related genes and enhanced rice resistance to WBPH infestation.Rice (Oryza sativa L.) is an important food staple for 50% of the world's population, with particular importance in Asia."
OsmiR396-OsGRF8-OsF3H,30734457,2019,Plant biotechnology journal,The OsmiR396-OsGRF8-OsF3H-flavonoid pathway mediates resistance to the brown planthopper in rice (Oryza sativa).,13639578,BPH resistance,"Hence, the OsF3H gene positively regulated both BPH resistance and flavonoid biosynthesis in rice.To further verify the involvement of OsF3H in the BPH resistance pathway mediated by OsmiR396-OsGRF8, we crossed the OsF3HR16 plants with the MIM396 plants."
OsmiR396-OsGRF8-OsF3H,33401742,2021,"Plants (Basel, Switzerland)","Identification of F3H, Major Secondary Metabolite-Related Gene That Confers Resistance against Whitebacked Planthopper through QTL Mapping in Rice.",20705931,WBPH resistance,"Because the F3H overexpression in rice showed WBPH resistance, the F3H gene was selected.BLAST analysis of the WBPH resistance gene F3H showed a similar sequence to naringenin."
OsMKK3,31226870,2019,International journal of molecular sciences,"OsMKK3, a Stress-Responsive Protein Kinase, Positively Regulates Rice Resistance to Nilaparvata lugens via Phytohormone Dynamics.",14652515,BPH resistance,"In this study, BPH-induced overexpression of OsMKK3 increased the rice resistance to BPH (Figure 4) by enhancing the accumulation of BPH-induced JA, JA-Ile, and ABA but weakening the level of SA slightly (Figure 5A-D)."
OsMKK3,31226870,2019,International journal of molecular sciences,"OsMKK3, a Stress-Responsive Protein Kinase, Positively Regulates Rice Resistance to Nilaparvata lugens via Phytohormone Dynamics.",14652517,BPH resistance,"These findings indicated positive regulation of rice resistance to BPH by OsMKK3 but negatively regulated plant growth.Like other MAPKs, MKK3 participates in various plant responses."
OsMKK3,31226870,2019,International journal of molecular sciences,"OsMKK3, a Stress-Responsive Protein Kinase, Positively Regulates Rice Resistance to Nilaparvata lugens via Phytohormone Dynamics.",14652547,BPH resistance,"Therefore, overexpression of OsMKK3 enhanced the rice resistance to BPH may result from the increased biosynthesis of JA, JA-Ile as well as ABA and decreased SA."
OsHLH61-OsbHLH96,30796564,2019,"Rice (New York, N.Y.)",OsHLH61-OsbHLH96 influences rice defense to brown planthopper through regulating the pathogen-related genes.,13751778,BPH resistance,"OsHLH61 and OsbHLH96 can form heterodimer in functioning, and regulate the expression of PR genes positively and negatively respectively, their antagonism in regulating PR genes might be important to the understanding of the crosstalk between SA and JA signaling in mediating BPH resistance.The WT rice variety is ZH11 (Oryza sativa L. subsp. japonica cv. Zhonghua No.11)."
OsHLH61-OsbHLH96,30796564,2019,"Rice (New York, N.Y.)",OsHLH61-OsbHLH96 influences rice defense to brown planthopper through regulating the pathogen-related genes.,13751680,BPH resistance,"Brown planthopper (BPH) is a kind of rice-specific insect that causes devastating yield losses each year.In this study, we identified OsHLH61 gene that encodes HLH protein."
OsHLH61-OsbHLH96,30796564,2019,"Rice (New York, N.Y.)",OsHLH61-OsbHLH96 influences rice defense to brown planthopper through regulating the pathogen-related genes.,13751735,BPH resistance,"In consistence, the mortality of the HLHR plants was much higher than the WT after BPH infestation (Fig. 3c).Besides, knock down of OsHLH61 influenced rice development."
OsGID1-OsSLR1,30217023,2018,International journal of molecular sciences,Overexpression of OsGID1 Enhances the Resistance of Rice to the Brown Planthopper Nilaparvata lugens.,12522229,BPH resistance,"Consistent with this, relative expression levels of 1-aminocyclopropane-1-carboxylic acid synthase 2 (OsACS2), an ethylene biosynthesis-related gene, did not differ over time between oe-GID1 and WT plants, following BPH infestation (Figure 5g).Since plants with overexpression of OsGID1 showed enhanced rice resistance to BPH in the laboratory, we questioned whether the overexpression of OsGID1 also affected the population density of rice planthoppers, and their natural enemies in the field."
OsGID1-OsSLR1,30217023,2018,International journal of molecular sciences,Overexpression of OsGID1 Enhances the Resistance of Rice to the Brown Planthopper Nilaparvata lugens.,12522210,BPH resistance,"At 38 days, the mass of the above-ground part of oe-GID1 lines, G1 and G11, increased by approximately 15% and 24%, respectively, compared to that of WT plants (Supplemental Figure S4).Previous studies have shown that GA signaling is involved in plant defense; therefore, we examined whether the overexpression of OsGID1 affects the resistance of rice to BPH."
OsGID1-OsSLR1,30217023,2018,International journal of molecular sciences,Overexpression of OsGID1 Enhances the Resistance of Rice to the Brown Planthopper Nilaparvata lugens.,12522199,BPH resistance,"Moreover, the overexpression of OsGID1 enhances the resistance of rice to BPH, suggesting the OsGID1-mediated GA signaling pathway also plays a role in resistance.Based on the cDNA sequence of OsGID1 in the MSU Rice Genome Annotation Project database, we cloned the OsGID1 gene from a cDNA library of rice variety XS110 using PCR."
OsEXPA10,29619515,2018,Plant cell reports,OsEXPA10 mediates the balance between growth and resistance to biotic stress in rice.,11536929,BPH resistance,"Over expression of OsEXPA10 improved rice growth but also increased susceptibility to BPH infestation and blast attack, while knock-down OsEXPA10 gene expression resulted in reduced plant height and grain size, but also increased resistance to BPH and the blast pathogen."
OsEXPA10,29619515,2018,Plant cell reports,OsEXPA10 mediates the balance between growth and resistance to biotic stress in rice.,11536926,BPH resistance,"Brown planthopper (BPH) is one of the worst insect pests of rice in the Asia-Pacific planting area, and many efforts have been made to identify and clone BPH-resistance genes for use in breeding resistant cultivars."
OsWRKY45/OsWRKY53/OsWRKY70/OsERF3,26083713,2015,eLife,Prioritizing plant defence over growth through WRKY regulation facilitates infestation by non-target herbivores.,6081977,BPH resistance,"Moreover, BPH nymphs fed on the irWRKY70 lines had lower survival rates than those fed on WT plants; in contrast, BPH nymphs fed on the hemi-oeWRKY70 lines had higher survival rates (Figure 8E,F), showing that OsWRKY70 negatively regulates rice BPH resistance."
OsWRKY45/OsWRKY53/OsWRKY70/OsERF3,27258255,2016,International journal of molecular sciences,The Transcription Factor OsWRKY45 Negatively Modulates the Resistance of Rice to the Brown Planthopper Nilaparvata lugens.,7714235,BPH resistance,(2007) argued.We found that BPH infestation induced the expression of OsWRKY45 and silencing OsWRKY45 enhanced the resistance of rice to BPH; this result demonstrates that BPH could overcome rice resistance by secreting effectors that activate OsWRKY45.
OsWRKY45/OsWRKY53/OsWRKY70/OsERF3,27258255,2016,International journal of molecular sciences,The Transcription Factor OsWRKY45 Negatively Modulates the Resistance of Rice to the Brown Planthopper Nilaparvata lugens.,7714177,BPH resistance,"By combining data from molecular biology, reverse genetics, chemical analysis and bioassays, we show that silencing OsWRKY45 enhances both the levels of BPH-induced H2O2 and ethylene, and the extent of resistance in rice to BPH."
OsHPL3/OsHI-LOX,38891303,2024,"Plants (Basel, Switzerland)",OsRCI-1-Mediated GLVs Enhance Rice Resistance to Brown Planthoppers.,41608171,BPH resistance,"The loss-of-function or antisense inhibition mutants of the rice hydrogen peroxide lyase gene (OsHPL3) exhibited reduced levels of cis-3-hexen-1-ol and cis-3-hexenal, resulting in decreased resistance to BPH but increased resistance against WBPH, and also increased attraction to the parasitoid A. nilaparvatae."
OsHPL3/OsHI-LOX,22519706,2012,The Plant journal : for cell and molecular biology,The rice hydroperoxide lyase OsHPL3 functions in defense responses by modulating the oxylipin pathway.,2438562,BPH resistance,"OsHPL3 positively modulates resistance to the rice brown planthopper [BPH, Nilaparvata lugens (Stal)] but negatively modulates resistance to the rice striped stem borer [SSB, Chilo suppressalis (Walker)]."
OsHPL3/OsHI-LOX,19891707,2010,The Plant journal : for cell and molecular biology,"Role of hydroperoxide lyase in white-backed planthopper (Sogatella furcifera Horváth)-induced resistance to bacterial blight in rice, Oryza sativa L.",1242129,WBPH resistance,"Based on these data, we conclude that OsHPL2 and its derived (E)-2-hexenal play some role in WBPH-induced resistance in rice."
OsCM,33401742,2021,"Plants (Basel, Switzerland)","Identification of F3H, Major Secondary Metabolite-Related Gene That Confers Resistance against Whitebacked Planthopper through QTL Mapping in Rice.",20705931,WBPH resistance,"Because the F3H overexpression in rice showed WBPH resistance, the F3H gene was selected.BLAST analysis of the WBPH resistance gene F3H showed a similar sequence to naringenin."
OsCM,34829551,2021,"Antioxidants (Basel, Switzerland)","Over-Expression of Chorismate Mutase Enhances the Accumulation of Salicylic Acid, Lignin, and Antioxidants in Response to the White-Backed Planthopper in Rice Plants.",25382249,WBPH resistance,"Further, the study aimed to determine whether the over-expression of the CM gene increases resistance to WBPH infestation through lignification and the stimulation of oxidative responsive apparatus mediated by SA.In the current experiment, we used TN1 rice plants and CM transgenic and non-transgenic Cheongcheong rice plants Kindly provided by Plant Molecular Breeding Lab, Kyungpook National University, Korea."
OsCM,33401742,2021,"Plants (Basel, Switzerland)","Identification of F3H, Major Secondary Metabolite-Related Gene That Confers Resistance against Whitebacked Planthopper through QTL Mapping in Rice.",20705892,WBPH resistance,"The newly identified WBPH resistance gene F3H by QTL mapping can be used for the breeding of rice cultivars that are resistant against WBPH.Whitebacked planthoppers (WBPH, Sogatella furcifera) cause serious damage to rice from long-distance migratory pests that exist in rice cultivation areas around the world, including South Korea, and cause enormous economic losses due to reduced production."
OsNPR1,40042898,2025,Proceedings of the National Academy of Sciences of the United States of America,A WRKY transcription factor confers broad-spectrum resistance to biotic stresses and yield stability in rice.,44469948,WBPH resistance,"For instance, overexpression of OsNPR1, the key regulatory factor of the SA pathway, enhances the resistance to rice bacterial leaf blight disease and rice blast disease, while reducing the resistance to WBPH."
OsNPR1,34943188,2021,Biology,"Biological Efficacy of Cochlioquinone-9, a Natural Plant Defense Compound for White-Backed Planthopper Control in Rice.",25817899,WBPH resistance,"There was no difference on the 1st and 2nd day after inoculation with WBPH and cq-9-treated TN1 was taller on the 3rd day (Table 3).The relative expression level of plant defense-related genes oryza sativa flavanone 3-hydroxylase (OsF3H1), oryza sativa chorismate mutas (OsCM), OsWRKY45, and oryza sativa non-expressor of pathogenesis-related genes1 (OsNPR1) were compared following treatment with cq-9 and WBPH in Cheongcheong, CNDH3, and CNDH42-2, which are resistant to WBPH, and Nagdong, TN1 and CNDH45, which are susceptible to WBPH (Figure 4)."
OsNPR1,34943188,2021,Biology,"Biological Efficacy of Cochlioquinone-9, a Natural Plant Defense Compound for White-Backed Planthopper Control in Rice.",25817944,WBPH resistance,"The function of NPR1 has been characterized in Arabidopsis, and rice NPR1 was recently identified.. OsNPR1 is associated with disease resistance insofar as it increases the susceptibility of herbivores and modulates resistance to WBPH."
